SYMBOL,OPEN,HIGH,LOW,PREV. CLOSE,LTP,INDICATIVE CLOSE,CHANGE,% CHANGE,VOLUME (shares),VALUE (₹ Crores),52 WEEK HIGH,52 WEEK LOW,30 D %CHNG,365 D %CHNG
"NIFTY 100","23,625.75","23,718.35","23,479.70","23,516.50","23,645.30","-","128.8","0.55","1100133065","44,271.47","26,975.15","22,720.45","-5.51","-7.52"
"HDFCBANK","731.95","734.20","701.25","721.20","704.80","-","-16.4","-2.27","66056690","4,729.26","1,020.50","681.90","-1.03","-27.6"
"BSE","3,052.00","3,181.00","3,036.00","3,046.00","3,179.60","-","133.6","4.39","6735475","2,108.91","4,446.80","2,102.00","-6.75","43.36"
"ICICIBANK","1,311.00","1,334.70","1,303.70","1,310.60","1,332.00","-","21.4","1.63","13223493","1,745.08","1,480.00","1,187.60","-6.41","-2.3"
"RELIANCE","1,171.20","1,193.00","1,171.20","1,167.70","1,186.40","-","18.7","1.6","14254907","1,684.40","1,611.80","1,160.80","-10.26","-13.72"
"ITC","260.95","269.80","259.00","255.90","268.90","-","13","5.08","49020716","1,294.49","426.40","254.65","1.82","-32.9"
"BHARTIARTL","1,742.30","1,779.90","1,742.30","1,741.10","1,779.90","-","38.8","2.23","7310041","1,291.32","2,174.50","1,726.30","-3.27","-6.47"
"INFY","1,050.00","1,052.30","1,010.00","1,035.00","1,020.50","-","-14.5","-1.4","12126808","1,242.79","1,728.00","980.40","-9.69","-30.86"
"BAJFINANCE","962.55","995.80","962.55","948.30","970.00","-","21.7","2.29","12682669","1,242.62","1,176.40","787.90","-8.53","-3.86"
"TCS","2,114.00","2,140.90","2,063.60","2,075.00","2,114.40","-","39.4","1.9","5270768","1,110.52","3,350.00","1,976.80","-8.23","-29.25"
"ETERNAL","308.95","322.85","308.10","313.90","320.80","-","6.9","2.2","31037275","983.63","368.45","212.60","-0.6","-4.27"
"M&M","2,857.50","2,874.00","2,825.10","2,860.00","2,857.60","-","-2.4","-0.08","3307236","942.83","3,839.90","2,812.00","-9.85","-17.7"
"DMART","3,808.60","3,808.60","3,545.30","3,813.00","3,567.00","-","-246","-6.45","2550875","924.12","4,644.00","3,529.00","-5.38","-17.08"
"KOTAKBANK","418.00","424.45","413.75","418.35","416.00","-","-2.35","-0.56","21967652","918.78","453.20","345.50","-2","-3.08"
"AXISBANK","1,229.00","1,237.40","1,216.40","1,217.10","1,222.20","-","5.1","0.42","7472163","917.87","1,418.30","1,150.30","-3.99","0.78"
"MARUTI","11,386.00","11,544.00","11,305.00","11,386.00","11,532.00","-","146","1.28","757171","866.38","17,370.00","11,305.00","-9.15","-27.92"
"LT","3,717.00","3,750.00","3,707.80","3,693.40","3,750.00","-","56.6","1.53","2323437","866.05","4,440.00","3,288.10","-5.4","0.35"
"SBIN","959.00","969.45","956.00","954.10","958.00","-","3.9","0.41","8165087","784.47","1,234.70","857.25","-5.72","9.6"
"APOLLOHOSP","7,880.50","8,076.00","7,880.50","8,133.50","7,985.00","-","-148.5","-1.83","895216","716.54","9,070.50","6,696.50","-7.69","4.22"
"IDEA","12.75","12.90","12.56","12.64","12.74","-","0.1","0.79","460591162","584.95","15.79","8.13","-15.18","50.41"
"TECHM","1,543.70","1,561.00","1,509.70","1,533.00","1,535.90","-","2.9","0.19","3346008","513.61","1,854.00","1,304.10","-3.82","6.71"
"ADANIENT","2,843.90","2,890.90","2,823.00","2,816.80","2,864.00","-","47.2","1.68","1782260","508.07","3,245.00","1,753.00","-2.52","14.63"
"WIPRO","163.00","164.30","161.43","159.35","162.14","-","2.79","1.75","30838863","501.44","273.10","156.79","-8.08","-33.04"
"SHRIRAMFIN","964.00","973.50","954.00","945.00","971.40","-","26.4","2.79","5092892","492.07","1,153.70","646.50","-6.69","44.67"
"ADANIPORTS","1,769.90","1,779.00","1,737.80","1,737.80","1,774.00","-","36.2","2.08","2792824","491.15","1,891.10","1,292.00","3.91","26.67"
"HCLTECH","1,243.70","1,247.20","1,196.50","1,243.10","1,201.90","-","-41.2","-3.31","3843425","466.91","1,780.10","1,030.00","-7.07","-15.22"
"DIVISLAB","9,251.00","9,285.50","9,113.50","9,249.00","9,196.00","-","-53","-0.57","480338","440.61","9,740.00","5,647.50","1.05","57.83"
"ONGC","222.50","226.69","222.42","222.37","224.90","-","2.53","1.14","19420879","435.71","307.50","220.60","-4.16","-8.53"
"VAML","403.50","410.95","391.45","402.75","396.00","-","-6.75","-1.68","10726817","426.43","537.00","391.45","-9.54","0"
"BEL","383.10","384.85","377.00","383.10","384.85","-","1.75","0.46","10909395","415.42","473.45","377.00","-5.06","-6.87"
"HINDALCO","953.50","954.05","931.10","941.85","938.40","-","-3.45","-0.37","4401291","413.52","1,176.00","754.45","-7.18","20.82"
"ADANIPOWER","197.17","201.68","197.10","196.21","201.00","-","4.79","2.44","19752263","393.76","254.20","128.10","-2.99","32.25"
"TMPV","280.10","289.80","278.95","279.40","288.65","-","9.25","3.31","13512719","386.53","718.50","272.20","-7.34","-59.5"
"DRREDDY","1,198.00","1,206.60","1,189.00","1,206.20","1,203.00","-","-3.2","-0.27","3075974","368.64","1,414.90","1,101.00","4.52","-3.65"
"TATASTEEL","179.28","181.28","177.02","178.00","178.14","-","0.14","0.08","20426029","364.60","224.40","160.06","-5.64","4.75"
"PFC","320.10","323.35","317.70","318.00","322.00","-","4","1.26","11353503","364.13","486.50","313.35","-9.45","-20.67"
"BAJAJ-AUTO","10,036.00","10,089.00","9,920.00","10,045.00","10,024.00","-","-21","-0.21","354238","354.42","12,470.00","8,605.00","-15.9","14.01"
"POLYCAB","7,990.00","8,186.00","7,980.50","7,990.00","8,080.00","-","90","1.13","424158","343.41","10,126.00","6,663.00","-2.65","6.1"
"ULTRACEMCO","10,736.00","10,940.00","10,731.00","10,710.00","10,850.00","-","140","1.31","314538","342.04","13,110.00","10,325.00","-4.89","-10"
"CUMMINSIND","4,864.20","4,900.00","4,789.20","4,860.00","4,832.30","-","-27.7","-0.57","707402","341.41","6,100.00","3,882.50","-4.03","22.55"
"JIOFIN","213.85","213.99","210.52","212.50","212.00","-","-0.5","-0.24","16101981","341.09","316.85","208.50","-11.48","-30.78"
"TMCV","415.50","428.85","412.70","415.50","425.95","-","10.45","2.52","8038049","338.80","509.00","306.30","-7.04","0"
"TITAN","4,515.90","4,610.00","4,505.80","4,515.70","4,580.00","-","64.3","1.42","731987","334.75","5,186.70","3,401.00","-8.76","33.71"
"COALINDIA","425.00","430.90","421.60","420.40","425.10","-","4.7","1.12","7764099","330.64","491.25","369.60","2.35","11.31"
"NTPC","316.05","323.55","316.05","315.10","321.80","-","6.7","2.13","9458589","303.72","414.40","313.05","-3.22","-5.1"
"HDFCAMC","2,308.10","2,369.50","2,308.10","2,308.10","2,346.00","-","37.9","1.64","1244530","292.44","2,967.25","2,205.60","-4.57","-17.12"
"MAXHEALTH","937.40","939.80","912.00","940.95","917.00","-","-23.95","-2.55","3127962","288.53","1,221.90","902.05","-6.88","-19.54"
"ADANIENSOL","1,336.10","1,377.80","1,336.10","1,326.40","1,353.40","-","27","2.04","2095376","283.35","1,789.00","803.10","-3.99","46.05"
"TVSMOTOR","4,026.00","4,040.50","3,919.00","4,021.00","4,031.00","-","10","0.25","706602","282.09","4,484.50","3,228.00","-2.47","14.81"
"EICHERMOT","6,975.00","7,066.00","6,901.50","6,920.00","7,021.50","-","101.5","1.47","381658","267.00","8,230.00","6,442.00","-7.98","2.06"
"CANBK","119.39","120.96","118.21","118.36","118.50","-","0.14","0.12","22263750","265.72","162.89","116.51","-5.58","-6.52"
"BANKBARODA","233.11","237.32","231.93","230.82","232.80","-","1.98","0.86","10802904","252.80","325.50","223.82","-2.59","-12.68"
"BPCL","301.50","306.55","294.30","300.60","296.95","-","-3.65","-1.21","7903107","236.37","391.65","266.60","-5.94","-13.58"
"DLF","664.90","676.50","664.00","658.40","673.00","-","14.6","2.22","3470586","233.26","786.50","489.40","-1.31","-8.47"
"SUNPHARMA","1,785.00","1,802.90","1,776.70","1,801.00","1,779.70","-","-21.3","-1.18","1290843","230.46","2,046.90","1,583.70","-6.28","7.55"
"SBILIFE","1,721.60","1,741.40","1,709.50","1,721.60","1,709.50","-","-12.1","-0.7","1322426","228.38","2,132.00","1,652.90","-3.69","-3.47"
"POWERINDIA","31,500.00","32,015.00","31,380.00","31,290.00","31,500.00","-","210","0.67","72077","227.87","38,785.00","16,111.00","-0.47","73.05"
"MOTHERSON","157.00","159.39","154.76","157.03","156.50","-","-0.53","-0.34","14480075","226.31","173.27","101.01","-2.61","47.34"
"SOLARINDS","19,450.00","19,616.00","19,275.00","19,400.00","19,540.00","-","140","0.72","114870","222.79","22,700.00","11,646.00","-8.88","38.19"
"CHOLAFIN","1,590.00","1,610.80","1,580.00","1,580.00","1,605.40","-","25.4","1.61","1378981","220.86","1,952.50","1,299.40","-12.7","-1.76"
"NESTLEIND","1,305.40","1,311.30","1,292.90","1,307.70","1,297.10","-","-10.6","-0.81","1676136","217.89","1,553.00","1,158.60","-8.04","9.77"
"HAL","4,601.00","4,688.00","4,601.00","4,601.00","4,680.00","-","79","1.72","465865","217.16","5,149.90","3,479.10","-3.62","-3.41"
"ASIANPAINT","2,400.00","2,409.00","2,336.70","2,407.00","2,366.00","-","-41","-1.7","916254","215.95","2,985.70","2,115.00","-6.38","0.48"
"TRENT","2,580.00","2,608.30","2,572.80","2,580.00","2,580.00","-","0","0","802316","207.61","3,399.70","2,183.67","-9.57","-18.99"
"ENRIN","3,357.10","3,408.90","3,316.40","3,334.00","3,316.40","-","-17.6","-0.53","616768","206.98","3,968.00","2,115.00","6.44","2.47"
"VBL","426.30","440.20","426.30","425.30","439.60","-","14.3","3.36","4643552","202.18","555.80","381.00","7.85","0.15"
"INDIGO","4,945.00","4,999.00","4,907.70","4,929.90","4,935.00","-","5.1","0.1","404828","200.03","5,970.00","3,895.20","-0.84","-13.34"
"POWERGRID","255.40","259.50","255.40","254.55","257.00","-","2.45","0.96","7327971","188.47","324.95","250.00","-3.38","-10.42"
"BOSCHLTD","45,550.00","46,000.00","44,610.00","45,480.00","44,960.00","-","-520","-1.14","41822","188.41","50,000.00","28,610.00","-3.97","15.88"
"BAJAJFINSV","1,744.80","1,760.90","1,732.60","1,732.60","1,751.40","-","18.8","1.09","1075845","187.83","2,195.00","1,597.00","-11.1","-13.86"
"VEDL","253.30","256.60","252.05","252.05","255.05","-","3","1.19","7161255","182.21","795.00","247.25","-6.27","-45.83"
"ZYDUSLIFE","1,145.70","1,151.00","1,128.10","1,145.70","1,139.00","-","-6.7","-0.58","1592973","181.39","1,232.10","835.50","1.7","14.51"
"HDFCLIFE","536.85","539.05","524.55","534.20","531.00","-","-3.2","-0.6","3381490","179.19","788.50","508.70","-2.82","-30.41"
"HINDUNILVR","1,845.10","1,848.40","1,828.00","1,836.00","1,838.40","-","2.4","0.13","975071","178.95","2,667.20","1,826.90","-6.84","-27.67"
"GAIL","171.62","173.60","166.44","171.22","167.50","-","-3.72","-2.17","9655433","163.51","186.87","134.36","-3.4","-5.16"
"TORNTPHARM","4,767.30","4,795.00","4,710.00","4,767.30","4,772.00","-","4.7","0.1","332068","157.61","5,250.00","3,480.60","-1.75","35.34"
"TATACONSUM","953.85","962.00","945.00","957.00","953.75","-","-3.25","-0.34","1540341","146.48","1,282.70","945.00","-5.57","-16.49"
"CIPLA","1,334.30","1,337.70","1,321.00","1,344.00","1,335.50","-","-8.5","-0.63","1084209","144.46","1,673.00","1,165.70","-3.57","-11.74"
"PNB","110.65","113.58","110.50","109.57","112.35","-","2.78","2.54","12282429","137.97","135.15","98.50","-3.97","-1.91"
"MUTHOOTFIN","2,711.00","2,747.80","2,700.00","2,697.10","2,716.40","-","19.3","0.72","499788","135.99","4,149.50","2,671.00","-6.77","-15.84"
"UNIONBANK","169.00","171.09","165.68","167.59","167.97","-","0.38","0.23","7966548","133.84","205.49","135.30","-10.28","22.89"
"HINDZINC","562.00","568.55","557.90","555.05","560.95","-","5.9","1.06","2343222","131.98","733.00","453.50","-6.66","14.13"
"ADANIGREEN","1,287.40","1,303.50","1,266.60","1,276.10","1,284.00","-","7.9","0.62","1014292","130.10","1,631.50","765.00","-1.33","21.2"
"JSWSTEEL","1,233.00","1,252.40","1,228.70","1,233.00","1,235.30","-","2.3","0.19","1047395","129.44","1,351.00","1,073.20","-6.77","6.5"
"IOC","132.48","134.35","129.80","131.34","130.50","-","-0.84","-0.64","9644919","126.73","188.96","129.80","-5.16","-15.72"
"PIDILITIND","1,464.20","1,487.70","1,458.20","1,464.00","1,487.70","-","23.7","1.62","843401","124.11","1,707.50","1,259.00","-8.7","-0.09"
"CGPOWER","885.05","894.20","877.75","879.00","882.30","-","3.3","0.38","1290292","114.15","980.90","525.50","-0.98","18.37"
"ABB","6,950.00","6,981.00","6,846.50","6,900.00","6,895.00","-","-5","-0.07","157334","108.68","7,924.50","4,637.50","-6.95","32.14"
"BRITANNIA","4,778.00","4,817.20","4,734.10","4,778.00","4,770.00","-","-8","-0.17","204743","97.49","6,271.00","4,734.10","-6.5","-20.65"
"TATAPOWER","350.15","353.95","348.00","350.15","351.50","-","1.35","0.39","2763239","96.83","464.90","342.50","-4.48","-11.14"
"LTM","4,031.00","4,073.00","3,946.20","4,007.00","4,010.00","-","3","0.07","216279","86.64","6,429.50","3,528.00","-11.95","-23.97"
"GRASIM","2,968.00","3,024.00","2,961.50","2,962.00","2,972.00","-","10","0.34","263562","78.57","3,411.10","2,502.50","-10.54","5.86"
"MAZDOCK","2,075.00","2,093.90","2,055.40","2,064.00","2,074.00","-","10","0.48","364228","75.61","2,929.70","2,031.20","-16.2","-28.19"
"SIEMENS","3,804.00","3,842.00","3,700.00","3,804.00","3,701.10","-","-102.9","-2.71","184140","69.16","4,149.40","2,826.00","-6.94","13.82"
"IRFC","78.00","78.10","76.06","77.06","76.50","-","-0.56","-0.73","8816833","67.77","137.17","76.06","-8.27","-38.92"
"AMBUJACEM","363.20","368.90","361.05","362.25","366.50","-","4.25","1.17","1848613","67.35","588.75","356.30","-9.51","-36.13"
"GODREJCP","840.00","847.55","832.60","840.00","837.00","-","-3","-0.36","788467","65.97","1,273.90","832.60","-4.67","-27.07"
"HYUNDAI","2,023.90","2,031.50","1,981.90","2,024.00","2,000.00","-","-24","-1.19","328159","65.68","2,549.50","1,658.00","-9.3","-19.38"
"BAJAJHLDNG","10,580.00","10,892.00","10,554.00","10,666.00","10,732.00","-","66","0.62","50104","53.71","13,250.00","8,588.00","-3.85","-9.07"
"JINDALSTEL","1,101.10","1,115.80","1,086.70","1,100.50","1,097.30","-","-3.2","-0.29","444005","48.65","1,306.20","977.10","-5.81","3.92"
"TATACAP","319.30","322.85","317.00","319.30","317.00","-","-2.3","-0.72","1021767","32.61","390.20","296.00","-15.48","0"