timestamp,equity,exposure,positions,turnover,sector_exposure,strategy_exposure
2022-01-03 15:30:00+05:30,150000.0,0.0,0,0.0,{},{}
2022-01-04 15:30:00+05:30,150000.0,0.0,0,0.0,{},{}
2022-01-05 15:30:00+05:30,150000.0,0.0,0,0.0,{},{}
2022-01-06 15:30:00+05:30,150000.0,0.0,0,0.0,{},{}
2022-01-07 15:30:00+05:30,150000.0,0.0,0,0.0,{},{}
2022-01-10 15:30:00+05:30,150000.0,0.0,0,0.0,{},{}
2022-01-11 15:30:00+05:30,150000.0,0.0,0,0.0,{},{}
2022-01-12 15:30:00+05:30,150000.0,0.0,0,0.0,{},{}
2022-01-13 15:30:00+05:30,150000.0,0.0,0,0.0,{},{}
2022-01-14 15:30:00+05:30,150000.0,0.0,0,0.0,{},{}
2022-01-17 15:30:00+05:30,150000.0,0.0,0,0.0,{},{}
2022-01-18 15:30:00+05:30,150000.0,0.0,0,0.0,{},{}
2022-01-19 15:30:00+05:30,150000.0,0.0,0,0.0,{},{}
2022-01-20 15:30:00+05:30,150000.0,0.0,0,0.0,{},{}
2022-01-21 15:30:00+05:30,150000.0,0.0,0,0.0,{},{}
2022-01-24 15:30:00+05:30,150000.0,0.0,0,0.0,{},{}
2022-01-25 15:30:00+05:30,150000.0,0.0,0,0.0,{},{}
2022-01-26 15:30:00+05:30,150000.0,0.0,0,0.0,{},{}
2022-01-27 15:30:00+05:30,150000.0,0.0,0,0.0,{},{}
2022-01-28 15:30:00+05:30,150000.0,0.0,0,0.0,{},{}
2022-01-31 15:30:00+05:30,150000.0,0.0,0,0.0,{},{}
2022-02-01 15:30:00+05:30,150000.0,0.0,0,0.0,{},{}
2022-02-02 15:30:00+05:30,150000.0,0.0,0,0.0,{},{}
2022-02-03 15:30:00+05:30,150000.0,0.0,0,0.0,{},{}
2022-02-04 15:30:00+05:30,150000.0,0.0,0,0.0,{},{}
2022-02-07 15:30:00+05:30,150000.0,0.0,0,0.0,{},{}
2022-02-08 15:30:00+05:30,150000.0,0.0,0,0.0,{},{}
2022-02-09 15:30:00+05:30,150000.0,0.0,0,0.0,{},{}
2022-02-10 15:30:00+05:30,150000.0,0.0,0,0.0,{},{}
2022-02-11 15:30:00+05:30,150000.0,0.0,0,0.0,{},{}
2022-02-14 15:30:00+05:30,150000.0,0.0,0,0.0,{},{}
2022-02-15 15:30:00+05:30,150000.0,0.0,0,0.0,{},{}
2022-02-16 15:30:00+05:30,150000.0,0.0,0,0.0,{},{}
2022-02-17 15:30:00+05:30,150000.0,0.0,0,0.0,{},{}
2022-02-18 15:30:00+05:30,150000.0,0.0,0,0.0,{},{}
2022-02-21 15:30:00+05:30,150000.0,0.0,0,0.0,{},{}
2022-02-22 15:30:00+05:30,150000.0,0.0,0,0.0,{},{}
2022-02-23 15:30:00+05:30,150000.0,0.0,0,0.0,{},{}
2022-02-24 15:30:00+05:30,150000.0,0.0,0,0.0,{},{}
2022-02-25 15:30:00+05:30,150000.0,0.0,0,0.0,{},{}
2022-02-28 15:30:00+05:30,150000.0,0.0,0,0.0,{},{}
2022-03-01 15:30:00+05:30,150000.0,0.0,0,0.0,{},{}
2022-03-02 15:30:00+05:30,150000.0,0.0,0,0.0,{},{}
2022-03-03 15:30:00+05:30,150000.0,0.0,0,0.0,{},{}
2022-03-04 15:30:00+05:30,150000.0,0.0,0,0.0,{},{}
2022-03-07 15:30:00+05:30,150000.0,0.0,0,0.0,{},{}
2022-03-08 15:30:00+05:30,150000.0,0.0,0,0.0,{},{}
2022-03-09 15:30:00+05:30,150000.0,0.0,0,0.0,{},{}
2022-03-10 15:30:00+05:30,150000.0,0.0,0,0.0,{},{}
2022-03-11 15:30:00+05:30,150000.0,0.0,0,0.0,{},{}
2022-03-14 15:30:00+05:30,150000.0,0.0,0,0.0,{},{}
2022-03-15 15:30:00+05:30,150000.0,0.0,0,0.0,{},{}
2022-03-16 15:30:00+05:30,150000.0,0.0,0,0.0,{},{}
2022-03-17 15:30:00+05:30,150000.0,0.0,0,0.0,{},{}
2022-03-18 15:30:00+05:30,150000.0,0.0,0,0.0,{},{}
2022-03-21 15:30:00+05:30,150000.0,0.0,0,0.0,{},{}
2022-03-22 15:30:00+05:30,150000.0,0.0,0,0.0,{},{}
2022-03-23 15:30:00+05:30,150000.0,0.0,0,0.0,{},{}
2022-03-24 15:30:00+05:30,150000.0,0.0,0,0.0,{},{}
2022-03-25 15:30:00+05:30,150000.0,0.0,0,0.0,{},{}
2022-03-28 15:30:00+05:30,150000.0,0.0,0,0.0,{},{}
2022-03-29 15:30:00+05:30,150000.0,0.0,0,0.0,{},{}
2022-03-30 15:30:00+05:30,150000.0,0.0,0,0.0,{},{}
2022-03-31 15:30:00+05:30,150000.0,0.0,0,0.0,{},{}
2022-04-01 15:30:00+05:30,150000.0,0.0,0,0.0,{},{}
2022-04-04 15:30:00+05:30,150000.0,0.0,0,0.0,{},{}
2022-04-05 15:30:00+05:30,150000.0,0.0,0,0.0,{},{}
2022-04-06 15:30:00+05:30,150000.0,0.0,0,0.0,{},{}
2022-04-07 15:30:00+05:30,150000.0,0.0,0,0.0,{},{}
2022-04-08 15:30:00+05:30,150000.0,0.0,0,0.0,{},{}
2022-04-11 15:30:00+05:30,150000.0,0.0,0,0.0,{},{}
2022-04-12 15:30:00+05:30,150000.0,0.0,0,0.0,{},{}
2022-04-13 15:30:00+05:30,150000.0,0.0,0,0.0,{},{}
2022-04-14 15:30:00+05:30,150000.0,0.0,0,0.0,{},{}
2022-04-15 15:30:00+05:30,150000.0,0.0,0,0.0,{},{}
2022-04-18 15:30:00+05:30,150000.0,0.0,0,0.0,{},{}
2022-04-19 15:30:00+05:30,150000.0,0.0,0,0.0,{},{}
2022-04-20 15:30:00+05:30,150000.0,0.0,0,0.0,{},{}
2022-04-21 15:30:00+05:30,150000.0,0.0,0,0.0,{},{}
2022-04-22 15:30:00+05:30,150000.0,0.0,0,0.0,{},{}
2022-04-25 15:30:00+05:30,150000.0,0.0,0,0.0,{},{}
2022-04-26 15:30:00+05:30,150000.0,0.0,0,0.0,{},{}
2022-04-27 15:30:00+05:30,150000.0,0.0,0,0.0,{},{}
2022-04-28 15:30:00+05:30,150000.0,0.0,0,0.0,{},{}
2022-04-29 15:30:00+05:30,150000.0,0.0,0,0.0,{},{}
2022-05-02 15:30:00+05:30,150000.0,0.0,0,0.0,{},{}
2022-05-03 15:30:00+05:30,150000.0,0.0,0,0.0,{},{}
2022-05-04 15:30:00+05:30,150000.0,0.0,0,0.0,{},{}
2022-05-05 15:30:00+05:30,150000.0,0.0,0,0.0,{},{}
2022-05-06 15:30:00+05:30,150000.0,0.0,0,0.0,{},{}
2022-05-09 15:30:00+05:30,150000.0,0.0,0,0.0,{},{}
2022-05-10 15:30:00+05:30,150000.0,0.0,0,0.0,{},{}
2022-05-11 15:30:00+05:30,150000.0,0.0,0,0.0,{},{}
2022-05-12 15:30:00+05:30,150000.0,0.0,0,0.0,{},{}
2022-05-13 15:30:00+05:30,150000.0,0.0,0,0.0,{},{}
2022-05-16 15:30:00+05:30,150000.0,0.0,0,0.0,{},{}
2022-05-17 15:30:00+05:30,150000.0,0.0,0,0.0,{},{}
2022-05-18 15:30:00+05:30,150000.0,0.0,0,0.0,{},{}
2022-05-19 15:30:00+05:30,150000.0,0.0,0,0.0,{},{}
2022-05-20 15:30:00+05:30,150000.0,0.0,0,0.0,{},{}
2022-05-23 15:30:00+05:30,150000.0,0.0,0,0.0,{},{}
2022-05-24 15:30:00+05:30,150000.0,0.0,0,0.0,{},{}
2022-05-25 15:30:00+05:30,150000.0,0.0,0,0.0,{},{}
2022-05-26 15:30:00+05:30,150000.0,0.0,0,0.0,{},{}
2022-05-27 15:30:00+05:30,150000.0,0.0,0,0.0,{},{}
2022-05-30 15:30:00+05:30,150000.0,0.0,0,0.0,{},{}
2022-05-31 15:30:00+05:30,150000.0,0.0,0,0.0,{},{}
2022-06-01 15:30:00+05:30,150000.0,0.0,0,0.0,{},{}
2022-06-02 15:30:00+05:30,150000.0,0.0,0,0.0,{},{}
2022-06-03 15:30:00+05:30,150000.0,0.0,0,0.0,{},{}
2022-06-06 15:30:00+05:30,150000.0,0.0,0,0.0,{},{}
2022-06-07 15:30:00+05:30,150000.0,0.0,0,0.0,{},{}
2022-06-08 15:30:00+05:30,150000.0,0.0,0,0.0,{},{}
2022-06-09 15:30:00+05:30,150000.0,0.0,0,0.0,{},{}
2022-06-10 15:30:00+05:30,150000.0,0.0,0,0.0,{},{}
2022-06-13 15:30:00+05:30,150000.0,0.0,0,0.0,{},{}
2022-06-14 15:30:00+05:30,150000.0,0.0,0,0.0,{},{}
2022-06-15 15:30:00+05:30,150000.0,0.0,0,0.0,{},{}
2022-06-16 15:30:00+05:30,150000.0,0.0,0,0.0,{},{}
2022-06-17 15:30:00+05:30,150000.0,0.0,0,0.0,{},{}
2022-06-20 15:30:00+05:30,150000.0,0.0,0,0.0,{},{}
2022-06-21 15:30:00+05:30,150000.0,0.0,0,0.0,{},{}
2022-06-22 15:30:00+05:30,150000.0,0.0,0,0.0,{},{}
2022-06-23 15:30:00+05:30,150000.0,0.0,0,0.0,{},{}
2022-06-24 15:30:00+05:30,150000.0,0.0,0,0.0,{},{}
2022-06-27 15:30:00+05:30,150000.0,0.0,0,0.0,{},{}
2022-06-28 15:30:00+05:30,150000.0,0.0,0,0.0,{},{}
2022-06-29 15:30:00+05:30,150000.0,0.0,0,0.0,{},{}
2022-06-30 15:30:00+05:30,150000.0,0.0,0,0.0,{},{}
2022-07-01 15:30:00+05:30,150000.0,0.0,0,0.0,{},{}
2022-07-04 15:30:00+05:30,150000.0,0.0,0,0.0,{},{}
2022-07-05 15:30:00+05:30,150000.0,0.0,0,0.0,{},{}
2022-07-06 15:30:00+05:30,150000.0,0.0,0,0.0,{},{}
2022-07-07 15:30:00+05:30,150000.0,0.0,0,0.0,{},{}
2022-07-08 15:30:00+05:30,150000.0,0.0,0,0.0,{},{}
2022-07-11 15:30:00+05:30,150000.0,0.0,0,0.0,{},{}
2022-07-12 15:30:00+05:30,150000.0,0.0,0,0.0,{},{}
2022-07-13 15:30:00+05:30,150000.0,0.0,0,0.0,{},{}
2022-07-14 15:30:00+05:30,150000.0,0.0,0,0.0,{},{}
2022-07-15 15:30:00+05:30,150000.0,0.0,0,0.0,{},{}
2022-07-18 15:30:00+05:30,150000.0,0.0,0,0.0,{},{}
2022-07-19 15:30:00+05:30,150000.0,0.0,0,0.0,{},{}
2022-07-20 15:30:00+05:30,150000.0,0.0,0,0.0,{},{}
2022-07-21 15:30:00+05:30,150000.0,0.0,0,0.0,{},{}
2022-07-22 15:30:00+05:30,150000.0,0.0,0,0.0,{},{}
2022-07-25 15:30:00+05:30,150000.0,0.0,0,0.0,{},{}
2022-07-26 15:30:00+05:30,150000.0,0.0,0,0.0,{},{}
2022-07-27 15:30:00+05:30,150000.0,0.0,0,0.0,{},{}
2022-07-28 15:30:00+05:30,150000.0,0.0,0,0.0,{},{}
2022-07-29 15:30:00+05:30,150000.0,0.0,0,0.0,{},{}
2022-08-01 15:30:00+05:30,150000.0,0.0,0,0.0,{},{}
2022-08-02 15:30:00+05:30,150000.0,0.0,0,0.0,{},{}
2022-08-03 15:30:00+05:30,150000.0,0.0,0,0.0,{},{}
2022-08-04 15:30:00+05:30,150000.0,0.0,0,0.0,{},{}
2022-08-05 15:30:00+05:30,150000.0,0.0,0,0.0,{},{}
2022-08-08 15:30:00+05:30,150000.0,0.0,0,0.0,{},{}
2022-08-09 15:30:00+05:30,150000.0,0.0,0,0.0,{},{}
2022-08-10 15:30:00+05:30,150000.0,0.0,0,0.0,{},{}
2022-08-11 15:30:00+05:30,150000.0,0.0,0,0.0,{},{}
2022-08-12 15:30:00+05:30,150000.0,0.0,0,0.0,{},{}
2022-08-15 15:30:00+05:30,150000.0,0.0,0,0.0,{},{}
2022-08-16 15:30:00+05:30,150000.0,0.0,0,0.0,{},{}
2022-08-17 15:30:00+05:30,150000.0,0.0,0,0.0,{},{}
2022-08-18 15:30:00+05:30,150000.0,0.0,0,0.0,{},{}
2022-08-19 15:30:00+05:30,150000.0,0.0,0,0.0,{},{}
2022-08-22 15:30:00+05:30,150000.0,0.0,0,0.0,{},{}
2022-08-23 15:30:00+05:30,150000.0,0.0,0,0.0,{},{}
2022-08-24 15:30:00+05:30,150000.0,0.0,0,0.0,{},{}
2022-08-25 15:30:00+05:30,150000.0,0.0,0,0.0,{},{}
2022-08-26 15:30:00+05:30,150000.0,0.0,0,0.0,{},{}
2022-08-29 15:30:00+05:30,150000.0,0.0,0,0.0,{},{}
2022-08-30 15:30:00+05:30,150000.0,0.0,0,0.0,{},{}
2022-08-31 15:30:00+05:30,150000.0,0.0,0,0.0,{},{}
2022-09-01 15:30:00+05:30,150000.0,0.0,0,0.0,{},{}
2022-09-02 15:30:00+05:30,150000.0,0.0,0,0.0,{},{}
2022-09-05 15:30:00+05:30,150000.0,0.0,0,0.0,{},{}
2022-09-06 15:30:00+05:30,150000.0,0.0,0,0.0,{},{}
2022-09-07 15:30:00+05:30,150000.0,0.0,0,0.0,{},{}
2022-09-08 15:30:00+05:30,150000.0,0.0,0,0.0,{},{}
2022-09-09 15:30:00+05:30,150000.0,0.0,0,0.0,{},{}
2022-09-12 15:30:00+05:30,150000.0,0.0,0,0.0,{},{}
2022-09-13 15:30:00+05:30,150000.0,0.0,0,0.0,{},{}
2022-09-14 15:30:00+05:30,150000.0,0.0,0,0.0,{},{}
2022-09-15 15:30:00+05:30,150000.0,0.0,0,0.0,{},{}
2022-09-16 15:30:00+05:30,150000.0,0.0,0,0.0,{},{}
2022-09-19 15:30:00+05:30,150000.0,0.0,0,0.0,{},{}
2022-09-20 15:30:00+05:30,150000.0,0.0,0,0.0,{},{}
2022-09-21 15:30:00+05:30,150000.0,0.0,0,0.0,{},{}
2022-09-22 15:30:00+05:30,150000.0,0.0,0,0.0,{},{}
2022-09-23 15:30:00+05:30,150000.0,0.0,0,0.0,{},{}
2022-09-26 15:30:00+05:30,150000.0,0.0,0,0.0,{},{}
2022-09-27 15:30:00+05:30,150000.0,0.0,0,0.0,{},{}
2022-09-28 15:30:00+05:30,150000.0,0.0,0,0.0,{},{}
2022-09-29 15:30:00+05:30,150000.0,0.0,0,0.0,{},{}
2022-09-30 15:30:00+05:30,150000.0,0.0,0,0.0,{},{}
2022-10-03 15:30:00+05:30,150000.0,0.0,0,0.0,{},{}
2022-10-04 15:30:00+05:30,150000.0,0.0,0,0.0,{},{}
2022-10-05 15:30:00+05:30,150000.0,0.0,0,0.0,{},{}
2022-10-06 15:30:00+05:30,150000.0,0.0,0,0.0,{},{}
2022-10-07 15:30:00+05:30,150000.0,0.0,0,0.0,{},{}
2022-10-10 15:30:00+05:30,150000.0,0.0,0,0.0,{},{}
2022-10-11 15:30:00+05:30,150027.75221543325,19283.221341592503,1,19232.65485092607,{'Consumer': 19283.221341592503},{'volatility_breakout': 19283.221341592503}
2022-10-12 15:30:00+05:30,149922.92898041543,19178.39810657468,1,0.0,{'Consumer': 19178.39810657468},{'volatility_breakout': 19178.39810657468}
2022-10-13 15:30:00+05:30,149918.80825988896,19174.277386048223,1,0.0,{'Consumer': 19174.277386048223},{'volatility_breakout': 19174.277386048223}
2022-10-14 15:30:00+05:30,149803.05695757509,19058.526083734345,1,0.0,{'Consumer': 19058.526083734345},{'volatility_breakout': 19058.526083734345}
2022-10-17 15:30:00+05:30,149723.7259049272,18979.19503108647,1,0.0,{'Consumer': 18979.19503108647},{'volatility_breakout': 18979.19503108647}
2022-10-18 15:30:00+05:30,149705.09471820277,18960.563844362034,1,0.0,{'Consumer': 18960.563844362034},{'volatility_breakout': 18960.563844362034}
2022-10-19 15:30:00+05:30,149519.72056817313,18775.18969433238,1,0.0,{'Consumer': 18775.18969433238},{'volatility_breakout': 18775.18969433238}
2022-10-20 15:30:00+05:30,149491.68361844888,0.0,0,18766.599182612747,{},{}
2022-10-21 15:30:00+05:30,149491.68361844888,0.0,0,0.0,{},{}
2022-10-24 15:30:00+05:30,149491.68361844888,0.0,0,0.0,{},{}
2022-10-25 15:30:00+05:30,149491.68361844888,0.0,0,0.0,{},{}
2022-10-26 15:30:00+05:30,149491.68361844888,0.0,0,0.0,{},{}
2022-10-27 15:30:00+05:30,149491.68361844888,0.0,0,0.0,{},{}
2022-10-28 15:30:00+05:30,149491.68361844888,0.0,0,0.0,{},{}
2022-10-31 15:30:00+05:30,149491.68361844888,0.0,0,0.0,{},{}
2022-11-01 15:30:00+05:30,149491.68361844888,0.0,0,0.0,{},{}
2022-11-02 15:30:00+05:30,149491.68361844888,0.0,0,0.0,{},{}
2022-11-03 15:30:00+05:30,149491.68361844888,0.0,0,0.0,{},{}
2022-11-04 15:30:00+05:30,149491.68361844888,0.0,0,0.0,{},{}
2022-11-07 15:30:00+05:30,149491.68361844888,0.0,0,0.0,{},{}
2022-11-08 15:30:00+05:30,149491.68361844888,0.0,0,0.0,{},{}
2022-11-09 15:30:00+05:30,149491.68361844888,0.0,0,0.0,{},{}
2022-11-10 15:30:00+05:30,149491.68361844888,0.0,0,0.0,{},{}
2022-11-11 15:30:00+05:30,149491.68361844888,0.0,0,0.0,{},{}
2022-11-14 15:30:00+05:30,149491.68361844888,0.0,0,0.0,{},{}
2022-11-15 15:30:00+05:30,149491.68361844888,0.0,0,0.0,{},{}
2022-11-16 15:30:00+05:30,149491.68361844888,0.0,0,0.0,{},{}
2022-11-17 15:30:00+05:30,149491.68361844888,0.0,0,0.0,{},{}
2022-11-18 15:30:00+05:30,149491.68361844888,0.0,0,0.0,{},{}
2022-11-21 15:30:00+05:30,149491.68361844888,0.0,0,0.0,{},{}
2022-11-22 15:30:00+05:30,149491.68361844888,0.0,0,0.0,{},{}
2022-11-23 15:30:00+05:30,149491.68361844888,0.0,0,0.0,{},{}
2022-11-24 15:30:00+05:30,149491.68361844888,0.0,0,0.0,{},{}
2022-11-25 15:30:00+05:30,149491.68361844888,0.0,0,0.0,{},{}
2022-11-28 15:30:00+05:30,149491.68361844888,0.0,0,0.0,{},{}
2022-11-29 15:30:00+05:30,149491.68361844888,0.0,0,0.0,{},{}
2022-11-30 15:30:00+05:30,149491.68361844888,0.0,0,0.0,{},{}
2022-12-01 15:30:00+05:30,149491.68361844888,0.0,0,0.0,{},{}
2022-12-02 15:30:00+05:30,149491.68361844888,0.0,0,0.0,{},{}
2022-12-05 15:30:00+05:30,149491.68361844888,0.0,0,0.0,{},{}
2022-12-06 15:30:00+05:30,149491.68361844888,0.0,0,0.0,{},{}
2022-12-07 15:30:00+05:30,149491.68361844888,0.0,0,0.0,{},{}
2022-12-08 15:30:00+05:30,149491.68361844888,0.0,0,0.0,{},{}
2022-12-09 15:30:00+05:30,149491.68361844888,0.0,0,0.0,{},{}
2022-12-12 15:30:00+05:30,149491.68361844888,0.0,0,0.0,{},{}
2022-12-13 15:30:00+05:30,149374.81126911353,55872.770317174596,2,55923.30498812711,"{'Consumer': 22092.795185911138, 'Technology': 33779.97513126346}",{'volatility_breakout': 55872.770317174596}
2022-12-14 15:30:00+05:30,149662.25908420896,56160.21813227003,2,0.0,"{'Consumer': 22370.542291055754, 'Technology': 33789.67584121427}",{'volatility_breakout': 56160.21813227003}
2022-12-15 15:30:00+05:30,150460.73703300426,56958.69608106533,2,0.0,"{'Consumer': 22738.30748595741, 'Technology': 34220.38859510792}",{'volatility_breakout': 56958.69608106533}
2022-12-16 15:30:00+05:30,149826.735813432,56324.69486149306,2,0.0,"{'Consumer': 22541.22102606791, 'Technology': 33783.473835425146}",{'volatility_breakout': 56324.69486149306}
2022-12-19 15:30:00+05:30,149592.85352874247,56090.81257680355,2,0.0,"{'Consumer': 22210.01238229754, 'Technology': 33880.80019450601}",{'volatility_breakout': 56090.81257680355}
2022-12-20 15:30:00+05:30,149552.30767916603,56050.266727227085,2,0.0,"{'Consumer': 22072.624871608954, 'Technology': 33977.64185561813}",{'volatility_breakout': 56050.266727227085}
2022-12-21 15:30:00+05:30,149843.46854879858,56341.42759685966,2,0.0,"{'Consumer': 22193.873134778267, 'Technology': 34147.554462081396}",{'volatility_breakout': 56341.42759685966}
2022-12-22 15:30:00+05:30,149658.3338342343,0.0,0,56214.543854215255,{},{}
2022-12-23 15:30:00+05:30,149658.3338342343,0.0,0,0.0,{},{}
2022-12-26 15:30:00+05:30,149658.3338342343,0.0,0,0.0,{},{}
2022-12-27 15:30:00+05:30,149658.3338342343,0.0,0,0.0,{},{}
2022-12-28 15:30:00+05:30,149658.3338342343,0.0,0,0.0,{},{}
2022-12-29 15:30:00+05:30,149658.3338342343,0.0,0,0.0,{},{}
2022-12-30 15:30:00+05:30,149658.3338342343,0.0,0,0.0,{},{}
2023-01-02 15:30:00+05:30,149658.3338342343,0.0,0,0.0,{},{}
2023-01-03 15:30:00+05:30,149658.3338342343,0.0,0,0.0,{},{}
2023-01-04 15:30:00+05:30,149658.3338342343,0.0,0,0.0,{},{}
2023-01-05 15:30:00+05:30,149658.3338342343,0.0,0,0.0,{},{}
2023-01-06 15:30:00+05:30,149658.3338342343,0.0,0,0.0,{},{}
2023-01-09 15:30:00+05:30,149658.3338342343,0.0,0,0.0,{},{}
2023-01-10 15:30:00+05:30,149658.3338342343,0.0,0,0.0,{},{}
2023-01-11 15:30:00+05:30,149658.3338342343,0.0,0,0.0,{},{}
2023-01-12 15:30:00+05:30,149658.3338342343,0.0,0,0.0,{},{}
2023-01-13 15:30:00+05:30,149658.3338342343,0.0,0,0.0,{},{}
2023-01-16 15:30:00+05:30,149658.3338342343,0.0,0,0.0,{},{}
2023-01-17 15:30:00+05:30,149658.3338342343,0.0,0,0.0,{},{}
2023-01-18 15:30:00+05:30,149658.3338342343,0.0,0,0.0,{},{}
2023-01-19 15:30:00+05:30,149658.3338342343,0.0,0,0.0,{},{}
2023-01-20 15:30:00+05:30,149658.3338342343,0.0,0,0.0,{},{}
2023-01-23 15:30:00+05:30,149658.3338342343,0.0,0,0.0,{},{}
2023-01-24 15:30:00+05:30,149658.3338342343,0.0,0,0.0,{},{}
2023-01-25 15:30:00+05:30,149658.3338342343,0.0,0,0.0,{},{}
2023-01-26 15:30:00+05:30,149658.3338342343,0.0,0,0.0,{},{}
2023-01-27 15:30:00+05:30,149658.3338342343,0.0,0,0.0,{},{}
2023-01-30 15:30:00+05:30,149658.3338342343,0.0,0,0.0,{},{}
2023-01-31 15:30:00+05:30,149658.3338342343,0.0,0,0.0,{},{}
2023-02-01 15:30:00+05:30,149658.3338342343,0.0,0,0.0,{},{}
2023-02-02 15:30:00+05:30,149658.3338342343,0.0,0,0.0,{},{}
2023-02-03 15:30:00+05:30,149658.3338342343,0.0,0,0.0,{},{}
2023-02-06 15:30:00+05:30,149658.3338342343,0.0,0,0.0,{},{}
2023-02-07 15:30:00+05:30,149658.3338342343,0.0,0,0.0,{},{}
2023-02-08 15:30:00+05:30,149658.3338342343,0.0,0,0.0,{},{}
2023-02-09 15:30:00+05:30,149658.3338342343,0.0,0,0.0,{},{}
2023-02-10 15:30:00+05:30,149658.3338342343,0.0,0,0.0,{},{}
2023-02-13 15:30:00+05:30,149658.3338342343,0.0,0,0.0,{},{}
2023-02-14 15:30:00+05:30,149750.4243846474,18470.846712717077,1,18356.980634593754,{'Energy': 18470.846712717077},{'volatility_breakout': 18470.846712717077}
2023-02-15 15:30:00+05:30,149909.4380654547,18629.860393524395,1,0.0,{'Energy': 18629.860393524395},{'volatility_breakout': 18629.860393524395}
2023-02-16 15:30:00+05:30,149698.54669479484,18418.969022864523,1,0.0,{'Energy': 18418.969022864523},{'volatility_breakout': 18418.969022864523}
2023-02-17 15:30:00+05:30,149749.81541907656,18470.237747146257,1,0.0,{'Energy': 18470.237747146257},{'volatility_breakout': 18470.237747146257}
2023-02-20 15:30:00+05:30,149722.3065273953,18442.728855464982,1,0.0,{'Energy': 18442.728855464982},{'volatility_breakout': 18442.728855464982}
2023-02-21 15:30:00+05:30,149299.26754376446,0.0,0,18038.381711962018,{},{}
2023-02-22 15:30:00+05:30,149299.26754376446,0.0,0,0.0,{},{}
2023-02-23 15:30:00+05:30,149299.26754376446,0.0,0,0.0,{},{}
2023-02-24 15:30:00+05:30,149299.26754376446,0.0,0,0.0,{},{}
2023-02-27 15:30:00+05:30,149299.26754376446,0.0,0,0.0,{},{}
2023-02-28 15:30:00+05:30,149299.26754376446,0.0,0,0.0,{},{}
2023-03-01 15:30:00+05:30,149299.26754376446,0.0,0,0.0,{},{}
2023-03-02 15:30:00+05:30,149299.26754376446,0.0,0,0.0,{},{}
2023-03-03 15:30:00+05:30,149299.26754376446,0.0,0,0.0,{},{}
2023-03-06 15:30:00+05:30,149299.26754376446,0.0,0,0.0,{},{}
2023-03-07 15:30:00+05:30,149299.26754376446,0.0,0,0.0,{},{}
2023-03-08 15:30:00+05:30,149299.26754376446,0.0,0,0.0,{},{}
2023-03-09 15:30:00+05:30,149299.26754376446,0.0,0,0.0,{},{}
2023-03-10 15:30:00+05:30,149299.26754376446,0.0,0,0.0,{},{}
2023-03-13 15:30:00+05:30,149299.26754376446,0.0,0,0.0,{},{}
2023-03-14 15:30:00+05:30,149299.26754376446,0.0,0,0.0,{},{}
2023-03-15 15:30:00+05:30,149299.26754376446,0.0,0,0.0,{},{}
2023-03-16 15:30:00+05:30,149299.26754376446,0.0,0,0.0,{},{}
2023-03-17 15:30:00+05:30,149299.26754376446,0.0,0,0.0,{},{}
2023-03-20 15:30:00+05:30,149299.26754376446,0.0,0,0.0,{},{}
2023-03-21 15:30:00+05:30,149299.26754376446,0.0,0,0.0,{},{}
2023-03-22 15:30:00+05:30,149299.26754376446,0.0,0,0.0,{},{}
2023-03-23 15:30:00+05:30,149299.26754376446,0.0,0,0.0,{},{}
2023-03-24 15:30:00+05:30,149299.26754376446,0.0,0,0.0,{},{}
2023-03-27 15:30:00+05:30,149299.26754376446,0.0,0,0.0,{},{}
2023-03-28 15:30:00+05:30,149299.26754376446,0.0,0,0.0,{},{}
2023-03-29 15:30:00+05:30,149299.26754376446,0.0,0,0.0,{},{}
2023-03-30 15:30:00+05:30,149299.26754376446,0.0,0,0.0,{},{}
2023-03-31 15:30:00+05:30,149299.26754376446,0.0,0,0.0,{},{}
2023-04-03 15:30:00+05:30,149299.26754376446,0.0,0,0.0,{},{}
2023-04-04 15:30:00+05:30,149299.26754376446,0.0,0,0.0,{},{}
2023-04-05 15:30:00+05:30,149299.26754376446,0.0,0,0.0,{},{}
2023-04-06 15:30:00+05:30,149299.26754376446,0.0,0,0.0,{},{}
2023-04-07 15:30:00+05:30,149299.26754376446,0.0,0,0.0,{},{}
2023-04-10 15:30:00+05:30,149299.26754376446,0.0,0,0.0,{},{}
2023-04-11 15:30:00+05:30,149299.26754376446,0.0,0,0.0,{},{}
2023-04-12 15:30:00+05:30,149299.26754376446,0.0,0,0.0,{},{}
2023-04-13 15:30:00+05:30,149299.26754376446,0.0,0,0.0,{},{}
2023-04-14 15:30:00+05:30,149299.26754376446,0.0,0,0.0,{},{}
2023-04-17 15:30:00+05:30,149299.26754376446,0.0,0,0.0,{},{}
2023-04-18 15:30:00+05:30,149299.26754376446,0.0,0,0.0,{},{}
2023-04-19 15:30:00+05:30,149299.26754376446,0.0,0,0.0,{},{}
2023-04-20 15:30:00+05:30,149299.26754376446,0.0,0,0.0,{},{}
2023-04-21 15:30:00+05:30,149299.26754376446,0.0,0,0.0,{},{}
2023-04-24 15:30:00+05:30,149299.26754376446,0.0,0,0.0,{},{}
2023-04-25 15:30:00+05:30,149299.26754376446,0.0,0,0.0,{},{}
2023-04-26 15:30:00+05:30,149299.26754376446,0.0,0,0.0,{},{}
2023-04-27 15:30:00+05:30,149299.26754376446,0.0,0,0.0,{},{}
2023-04-28 15:30:00+05:30,149299.26754376446,0.0,0,0.0,{},{}
2023-05-01 15:30:00+05:30,149299.26754376446,0.0,0,0.0,{},{}
2023-05-02 15:30:00+05:30,149299.26754376446,0.0,0,0.0,{},{}
2023-05-03 15:30:00+05:30,149299.26754376446,0.0,0,0.0,{},{}
2023-05-04 15:30:00+05:30,149299.26754376446,0.0,0,0.0,{},{}
2023-05-05 15:30:00+05:30,149299.26754376446,0.0,0,0.0,{},{}
2023-05-08 15:30:00+05:30,149299.26754376446,0.0,0,0.0,{},{}
2023-05-09 15:30:00+05:30,149299.26754376446,0.0,0,0.0,{},{}
2023-05-10 15:30:00+05:30,149299.26754376446,0.0,0,0.0,{},{}
2023-05-11 15:30:00+05:30,149299.26754376446,0.0,0,0.0,{},{}
2023-05-12 15:30:00+05:30,149299.26754376446,0.0,0,0.0,{},{}
2023-05-15 15:30:00+05:30,149299.26754376446,0.0,0,0.0,{},{}
2023-05-16 15:30:00+05:30,149299.26754376446,0.0,0,0.0,{},{}
2023-05-17 15:30:00+05:30,149299.26754376446,0.0,0,0.0,{},{}
2023-05-18 15:30:00+05:30,149299.26754376446,0.0,0,0.0,{},{}
2023-05-19 15:30:00+05:30,149299.26754376446,0.0,0,0.0,{},{}
2023-05-22 15:30:00+05:30,149299.26754376446,0.0,0,0.0,{},{}
2023-05-23 15:30:00+05:30,149299.26754376446,0.0,0,0.0,{},{}
2023-05-24 15:30:00+05:30,149299.26754376446,0.0,0,0.0,{},{}
2023-05-25 15:30:00+05:30,149299.26754376446,0.0,0,0.0,{},{}
2023-05-26 15:30:00+05:30,149299.26754376446,0.0,0,0.0,{},{}
2023-05-29 15:30:00+05:30,149299.26754376446,0.0,0,0.0,{},{}
2023-05-30 15:30:00+05:30,149299.26754376446,0.0,0,0.0,{},{}
2023-05-31 15:30:00+05:30,149299.26754376446,0.0,0,0.0,{},{}
2023-06-01 15:30:00+05:30,149299.26754376446,0.0,0,0.0,{},{}
2023-06-02 15:30:00+05:30,149299.26754376446,0.0,0,0.0,{},{}
2023-06-05 15:30:00+05:30,149299.26754376446,0.0,0,0.0,{},{}
2023-06-06 15:30:00+05:30,149299.26754376446,0.0,0,0.0,{},{}
2023-06-07 15:30:00+05:30,149299.26754376446,0.0,0,0.0,{},{}
2023-06-08 15:30:00+05:30,149299.26754376446,0.0,0,0.0,{},{}
2023-06-09 15:30:00+05:30,149299.26754376446,0.0,0,0.0,{},{}
2023-06-12 15:30:00+05:30,149299.26754376446,0.0,0,0.0,{},{}
2023-06-13 15:30:00+05:30,149299.26754376446,0.0,0,0.0,{},{}
2023-06-14 15:30:00+05:30,149299.26754376446,0.0,0,0.0,{},{}
2023-06-15 15:30:00+05:30,149299.26754376446,0.0,0,0.0,{},{}
2023-06-16 15:30:00+05:30,149299.26754376446,0.0,0,0.0,{},{}
2023-06-19 15:30:00+05:30,149299.26754376446,0.0,0,0.0,{},{}
2023-06-20 15:30:00+05:30,149317.2965648159,17305.414250946298,1,17266.90278087671,{'Finance': 17305.414250946298},{'volatility_breakout': 17305.414250946298}
2023-06-21 15:30:00+05:30,149281.10432859726,17269.222014727668,1,0.0,{'Finance': 17269.222014727668},{'volatility_breakout': 17269.222014727668}
2023-06-22 15:30:00+05:30,149215.78393861285,17203.90162474324,1,0.0,{'Finance': 17203.90162474324},{'volatility_breakout': 17203.90162474324}
2023-06-23 15:30:00+05:30,149074.7672377838,17062.884923914185,1,0.0,{'Finance': 17062.884923914185},{'volatility_breakout': 17062.884923914185}
2023-06-26 15:30:00+05:30,149070.6386804173,17058.756366547703,1,0.0,{'Finance': 17058.756366547703},{'volatility_breakout': 17058.756366547703}
2023-06-27 15:30:00+05:30,149290.63553952103,17278.75322565144,1,0.0,{'Finance': 17278.75322565144},{'volatility_breakout': 17278.75322565144}
2023-06-28 15:30:00+05:30,149219.00062667206,17207.11831280248,1,0.0,{'Finance': 17207.11831280248},{'volatility_breakout': 17207.11831280248}
2023-06-29 15:30:00+05:30,149256.38047621064,0.0,0,17262.385895427928,{},{}
2023-06-30 15:30:00+05:30,149256.38047621064,0.0,0,0.0,{},{}
2023-07-03 15:30:00+05:30,149256.38047621064,0.0,0,0.0,{},{}
2023-07-04 15:30:00+05:30,149256.38047621064,0.0,0,0.0,{},{}
2023-07-05 15:30:00+05:30,149256.38047621064,0.0,0,0.0,{},{}
2023-07-06 15:30:00+05:30,149256.38047621064,0.0,0,0.0,{},{}
2023-07-07 15:30:00+05:30,149256.38047621064,0.0,0,0.0,{},{}
2023-07-10 15:30:00+05:30,149256.38047621064,0.0,0,0.0,{},{}
2023-07-11 15:30:00+05:30,149256.38047621064,0.0,0,0.0,{},{}
2023-07-12 15:30:00+05:30,149256.38047621064,0.0,0,0.0,{},{}
2023-07-13 15:30:00+05:30,149256.38047621064,0.0,0,0.0,{},{}
2023-07-14 15:30:00+05:30,149256.38047621064,0.0,0,0.0,{},{}
2023-07-17 15:30:00+05:30,149256.38047621064,0.0,0,0.0,{},{}
2023-07-18 15:30:00+05:30,149256.38047621064,0.0,0,0.0,{},{}
2023-07-19 15:30:00+05:30,149256.38047621064,0.0,0,0.0,{},{}
2023-07-20 15:30:00+05:30,149256.38047621064,0.0,0,0.0,{},{}
2023-07-21 15:30:00+05:30,149256.38047621064,0.0,0,0.0,{},{}
2023-07-24 15:30:00+05:30,149256.38047621064,0.0,0,0.0,{},{}
2023-07-25 15:30:00+05:30,149256.38047621064,0.0,0,0.0,{},{}
2023-07-26 15:30:00+05:30,149256.38047621064,0.0,0,0.0,{},{}
2023-07-27 15:30:00+05:30,149256.38047621064,0.0,0,0.0,{},{}
2023-07-28 15:30:00+05:30,149256.38047621064,0.0,0,0.0,{},{}
2023-07-31 15:30:00+05:30,149256.38047621064,0.0,0,0.0,{},{}
2023-08-01 15:30:00+05:30,149256.38047621064,0.0,0,0.0,{},{}
2023-08-02 15:30:00+05:30,149256.38047621064,0.0,0,0.0,{},{}
2023-08-03 15:30:00+05:30,149256.38047621064,0.0,0,0.0,{},{}
2023-08-04 15:30:00+05:30,149256.38047621064,0.0,0,0.0,{},{}
2023-08-07 15:30:00+05:30,149256.38047621064,0.0,0,0.0,{},{}
2023-08-08 15:30:00+05:30,149256.38047621064,0.0,0,0.0,{},{}
2023-08-09 15:30:00+05:30,149256.38047621064,0.0,0,0.0,{},{}
2023-08-10 15:30:00+05:30,149256.38047621064,0.0,0,0.0,{},{}
2023-08-11 15:30:00+05:30,149256.38047621064,0.0,0,0.0,{},{}
2023-08-14 15:30:00+05:30,149256.38047621064,0.0,0,0.0,{},{}
2023-08-15 15:30:00+05:30,149256.38047621064,0.0,0,0.0,{},{}
2023-08-16 15:30:00+05:30,149256.38047621064,0.0,0,0.0,{},{}
2023-08-17 15:30:00+05:30,149256.38047621064,0.0,0,0.0,{},{}
2023-08-18 15:30:00+05:30,149256.38047621064,0.0,0,0.0,{},{}
2023-08-21 15:30:00+05:30,149256.38047621064,0.0,0,0.0,{},{}
2023-08-22 15:30:00+05:30,149256.38047621064,0.0,0,0.0,{},{}
2023-08-23 15:30:00+05:30,149256.38047621064,0.0,0,0.0,{},{}
2023-08-24 15:30:00+05:30,149256.38047621064,0.0,0,0.0,{},{}
2023-08-25 15:30:00+05:30,149256.38047621064,0.0,0,0.0,{},{}
2023-08-28 15:30:00+05:30,149256.38047621064,0.0,0,0.0,{},{}
2023-08-29 15:30:00+05:30,149256.38047621064,0.0,0,0.0,{},{}
2023-08-30 15:30:00+05:30,149256.38047621064,0.0,0,0.0,{},{}
2023-08-31 15:30:00+05:30,149256.38047621064,0.0,0,0.0,{},{}
2023-09-01 15:30:00+05:30,149256.38047621064,0.0,0,0.0,{},{}
2023-09-04 15:30:00+05:30,149256.38047621064,0.0,0,0.0,{},{}
2023-09-05 15:30:00+05:30,149256.38047621064,0.0,0,0.0,{},{}
2023-09-06 15:30:00+05:30,149256.38047621064,0.0,0,0.0,{},{}
2023-09-07 15:30:00+05:30,149256.38047621064,0.0,0,0.0,{},{}
2023-09-08 15:30:00+05:30,149256.38047621064,0.0,0,0.0,{},{}
2023-09-11 15:30:00+05:30,149256.38047621064,0.0,0,0.0,{},{}
2023-09-12 15:30:00+05:30,149256.38047621064,0.0,0,0.0,{},{}
2023-09-13 15:30:00+05:30,149256.38047621064,0.0,0,0.0,{},{}
2023-09-14 15:30:00+05:30,149256.38047621064,0.0,0,0.0,{},{}
2023-09-15 15:30:00+05:30,149256.38047621064,0.0,0,0.0,{},{}
2023-09-18 15:30:00+05:30,149256.38047621064,0.0,0,0.0,{},{}
2023-09-19 15:30:00+05:30,149256.38047621064,0.0,0,0.0,{},{}
2023-09-20 15:30:00+05:30,149256.38047621064,0.0,0,0.0,{},{}
2023-09-21 15:30:00+05:30,149256.38047621064,0.0,0,0.0,{},{}
2023-09-22 15:30:00+05:30,149256.38047621064,0.0,0,0.0,{},{}
2023-09-25 15:30:00+05:30,149256.38047621064,0.0,0,0.0,{},{}
2023-09-26 15:30:00+05:30,149256.38047621064,0.0,0,0.0,{},{}
2023-09-27 15:30:00+05:30,149256.38047621064,0.0,0,0.0,{},{}
2023-09-28 15:30:00+05:30,149256.38047621064,0.0,0,0.0,{},{}
2023-09-29 15:30:00+05:30,149256.38047621064,0.0,0,0.0,{},{}
2023-10-02 15:30:00+05:30,149256.38047621064,0.0,0,0.0,{},{}
2023-10-03 15:30:00+05:30,149256.38047621064,0.0,0,0.0,{},{}
2023-10-04 15:30:00+05:30,149256.38047621064,0.0,0,0.0,{},{}
2023-10-05 15:30:00+05:30,149256.38047621064,0.0,0,0.0,{},{}
2023-10-06 15:30:00+05:30,149256.38047621064,0.0,0,0.0,{},{}
2023-10-09 15:30:00+05:30,149256.38047621064,0.0,0,0.0,{},{}
2023-10-10 15:30:00+05:30,149256.38047621064,0.0,0,0.0,{},{}
2023-10-11 15:30:00+05:30,149256.38047621064,0.0,0,0.0,{},{}
2023-10-12 15:30:00+05:30,149256.38047621064,0.0,0,0.0,{},{}
2023-10-13 15:30:00+05:30,149256.38047621064,0.0,0,0.0,{},{}
2023-10-16 15:30:00+05:30,149256.38047621064,0.0,0,0.0,{},{}
2023-10-17 15:30:00+05:30,149256.38047621064,0.0,0,0.0,{},{}
2023-10-18 15:30:00+05:30,149256.38047621064,0.0,0,0.0,{},{}
2023-10-19 15:30:00+05:30,149256.38047621064,0.0,0,0.0,{},{}
2023-10-20 15:30:00+05:30,149256.38047621064,0.0,0,0.0,{},{}
2023-10-23 15:30:00+05:30,149256.38047621064,0.0,0,0.0,{},{}
2023-10-24 15:30:00+05:30,149256.38047621064,0.0,0,0.0,{},{}
2023-10-25 15:30:00+05:30,149256.38047621064,0.0,0,0.0,{},{}
2023-10-26 15:30:00+05:30,149256.38047621064,0.0,0,0.0,{},{}
2023-10-27 15:30:00+05:30,149256.38047621064,0.0,0,0.0,{},{}
2023-10-30 15:30:00+05:30,149256.38047621064,0.0,0,0.0,{},{}
2023-10-31 15:30:00+05:30,149256.38047621064,0.0,0,0.0,{},{}
2023-11-01 15:30:00+05:30,149256.38047621064,0.0,0,0.0,{},{}
2023-11-02 15:30:00+05:30,149256.38047621064,0.0,0,0.0,{},{}
2023-11-03 15:30:00+05:30,149256.38047621064,0.0,0,0.0,{},{}
2023-11-06 15:30:00+05:30,149256.38047621064,0.0,0,0.0,{},{}
2023-11-07 15:30:00+05:30,149256.38047621064,0.0,0,0.0,{},{}
2023-11-08 15:30:00+05:30,149256.38047621064,0.0,0,0.0,{},{}
2023-11-09 15:30:00+05:30,149256.38047621064,0.0,0,0.0,{},{}
2023-11-10 15:30:00+05:30,149256.38047621064,0.0,0,0.0,{},{}
2023-11-13 15:30:00+05:30,149256.38047621064,0.0,0,0.0,{},{}
2023-11-14 15:30:00+05:30,149256.38047621064,0.0,0,0.0,{},{}
2023-11-15 15:30:00+05:30,149256.38047621064,0.0,0,0.0,{},{}
2023-11-16 15:30:00+05:30,149256.38047621064,0.0,0,0.0,{},{}
2023-11-17 15:30:00+05:30,149256.38047621064,0.0,0,0.0,{},{}
2023-11-20 15:30:00+05:30,149256.38047621064,0.0,0,0.0,{},{}
2023-11-21 15:30:00+05:30,149256.38047621064,0.0,0,0.0,{},{}
2023-11-22 15:30:00+05:30,149256.38047621064,0.0,0,0.0,{},{}
2023-11-23 15:30:00+05:30,149256.38047621064,0.0,0,0.0,{},{}
2023-11-24 15:30:00+05:30,149256.38047621064,0.0,0,0.0,{},{}
2023-11-27 15:30:00+05:30,149256.38047621064,0.0,0,0.0,{},{}
2023-11-28 15:30:00+05:30,149256.38047621064,0.0,0,0.0,{},{}
2023-11-29 15:30:00+05:30,149256.38047621064,0.0,0,0.0,{},{}
2023-11-30 15:30:00+05:30,149256.38047621064,0.0,0,0.0,{},{}
2023-12-01 15:30:00+05:30,149256.38047621064,0.0,0,0.0,{},{}
2023-12-04 15:30:00+05:30,149256.38047621064,0.0,0,0.0,{},{}
2023-12-05 15:30:00+05:30,149256.38047621064,0.0,0,0.0,{},{}
2023-12-06 15:30:00+05:30,149256.38047621064,0.0,0,0.0,{},{}
2023-12-07 15:30:00+05:30,149256.38047621064,0.0,0,0.0,{},{}
2023-12-08 15:30:00+05:30,149256.38047621064,0.0,0,0.0,{},{}
2023-12-11 15:30:00+05:30,149256.38047621064,0.0,0,0.0,{},{}
2023-12-12 15:30:00+05:30,149256.38047621064,0.0,0,0.0,{},{}
2023-12-13 15:30:00+05:30,149256.38047621064,0.0,0,0.0,{},{}
2023-12-14 15:30:00+05:30,149256.38047621064,0.0,0,0.0,{},{}
2023-12-15 15:30:00+05:30,149256.38047621064,0.0,0,0.0,{},{}
2023-12-18 15:30:00+05:30,149256.38047621064,0.0,0,0.0,{},{}
2023-12-19 15:30:00+05:30,149256.38047621064,0.0,0,0.0,{},{}
2023-12-20 15:30:00+05:30,149256.38047621064,0.0,0,0.0,{},{}
2023-12-21 15:30:00+05:30,149256.38047621064,0.0,0,0.0,{},{}
2023-12-22 15:30:00+05:30,149256.38047621064,0.0,0,0.0,{},{}
2023-12-25 15:30:00+05:30,149256.38047621064,0.0,0,0.0,{},{}
2023-12-26 15:30:00+05:30,149862.56114499486,36259.35807528157,1,35610.93478976546,{'Technology': 36259.35807528157},{'volatility_breakout': 36259.35807528157}
2023-12-27 15:30:00+05:30,150285.059331605,36681.85626189173,1,0.0,{'Technology': 36681.85626189173},{'volatility_breakout': 36681.85626189173}
2023-12-28 15:30:00+05:30,150304.56595644806,36701.36288673478,1,0.0,{'Technology': 36701.36288673478},{'volatility_breakout': 36701.36288673478}
2023-12-29 15:30:00+05:30,150411.7411262676,36808.53805655431,1,0.0,{'Technology': 36808.53805655431},{'volatility_breakout': 36808.53805655431}
2024-01-01 15:30:00+05:30,150050.56147284876,36447.35840313546,1,0.0,{'Technology': 36447.35840313546},{'volatility_breakout': 36447.35840313546}
2024-01-02 15:30:00+05:30,149509.996990957,35906.79392124372,1,0.0,{'Technology': 35906.79392124372},{'volatility_breakout': 35906.79392124372}
2024-01-03 15:30:00+05:30,149647.49660497828,36044.293535265,1,0.0,{'Technology': 36044.293535265},{'volatility_breakout': 36044.293535265}
2024-01-04 15:30:00+05:30,149634.96162458794,0.0,0,36069.13432966457,{},{}
2024-01-05 15:30:00+05:30,149634.96162458794,0.0,0,0.0,{},{}
2024-01-08 15:30:00+05:30,149634.96162458794,0.0,0,0.0,{},{}
2024-01-09 15:30:00+05:30,149634.96162458794,0.0,0,0.0,{},{}
2024-01-10 15:30:00+05:30,149634.96162458794,0.0,0,0.0,{},{}
2024-01-11 15:30:00+05:30,149634.96162458794,0.0,0,0.0,{},{}
2024-01-12 15:30:00+05:30,149634.96162458794,0.0,0,0.0,{},{}
2024-01-15 15:30:00+05:30,149634.96162458794,0.0,0,0.0,{},{}
2024-01-16 15:30:00+05:30,149634.96162458794,0.0,0,0.0,{},{}
2024-01-17 15:30:00+05:30,149634.96162458794,0.0,0,0.0,{},{}
2024-01-18 15:30:00+05:30,149634.96162458794,0.0,0,0.0,{},{}
2024-01-19 15:30:00+05:30,149634.96162458794,0.0,0,0.0,{},{}
2024-01-22 15:30:00+05:30,149634.96162458794,0.0,0,0.0,{},{}
2024-01-23 15:30:00+05:30,149634.96162458794,0.0,0,0.0,{},{}
2024-01-24 15:30:00+05:30,149634.96162458794,0.0,0,0.0,{},{}
2024-01-25 15:30:00+05:30,149634.96162458794,0.0,0,0.0,{},{}
2024-01-26 15:30:00+05:30,149634.96162458794,0.0,0,0.0,{},{}
2024-01-29 15:30:00+05:30,149634.96162458794,0.0,0,0.0,{},{}
2024-01-30 15:30:00+05:30,149634.96162458794,0.0,0,0.0,{},{}
2024-01-31 15:30:00+05:30,149634.96162458794,0.0,0,0.0,{},{}
2024-02-01 15:30:00+05:30,149634.96162458794,0.0,0,0.0,{},{}
2024-02-02 15:30:00+05:30,149634.96162458794,0.0,0,0.0,{},{}
2024-02-05 15:30:00+05:30,149634.96162458794,0.0,0,0.0,{},{}
2024-02-06 15:30:00+05:30,149634.96162458794,0.0,0,0.0,{},{}
2024-02-07 15:30:00+05:30,149634.96162458794,0.0,0,0.0,{},{}
2024-02-08 15:30:00+05:30,149634.96162458794,0.0,0,0.0,{},{}
2024-02-09 15:30:00+05:30,149634.96162458794,0.0,0,0.0,{},{}
2024-02-12 15:30:00+05:30,149634.96162458794,0.0,0,0.0,{},{}
2024-02-13 15:30:00+05:30,149634.96162458794,0.0,0,0.0,{},{}
2024-02-14 15:30:00+05:30,149634.96162458794,0.0,0,0.0,{},{}
2024-02-15 15:30:00+05:30,149634.96162458794,0.0,0,0.0,{},{}
2024-02-16 15:30:00+05:30,149634.96162458794,0.0,0,0.0,{},{}
2024-02-19 15:30:00+05:30,149634.96162458794,0.0,0,0.0,{},{}
2024-02-20 15:30:00+05:30,149634.96162458794,0.0,0,0.0,{},{}
2024-02-21 15:30:00+05:30,149634.96162458794,0.0,0,0.0,{},{}
2024-02-22 15:30:00+05:30,149634.96162458794,0.0,0,0.0,{},{}
2024-02-23 15:30:00+05:30,149634.96162458794,0.0,0,0.0,{},{}
2024-02-26 15:30:00+05:30,149634.96162458794,0.0,0,0.0,{},{}
2024-02-27 15:30:00+05:30,149945.96819455666,30126.824419510867,1,29780.491456283948,{'Technology': 30126.824419510867},{'volatility_breakout': 30126.824419510867}
2024-02-28 15:30:00+05:30,150275.37322100217,30456.22944595639,1,0.0,{'Technology': 30456.22944595639},{'volatility_breakout': 30456.22944595639}
2024-02-29 15:30:00+05:30,149968.66702744967,30149.52325240389,1,0.0,{'Technology': 30149.52325240389},{'volatility_breakout': 30149.52325240389}
2024-03-01 15:30:00+05:30,149586.47890249098,29767.33512744519,1,0.0,{'Technology': 29767.33512744519},{'volatility_breakout': 29767.33512744519}
2024-03-04 15:30:00+05:30,149697.75581355178,29878.612038505984,1,0.0,{'Technology': 29878.612038505984},{'volatility_breakout': 29878.612038505984}
2024-03-05 15:30:00+05:30,149950.56475822764,30131.42098318185,1,0.0,{'Technology': 30131.42098318185},{'volatility_breakout': 30131.42098318185}
2024-03-06 15:30:00+05:30,150244.10759406612,30424.963819020326,1,0.0,{'Technology': 30424.963819020326},{'volatility_breakout': 30424.963819020326}
2024-03-07 15:30:00+05:30,150169.60998563032,0.0,0,30381.94877583671,{},{}
2024-03-08 15:30:00+05:30,150169.60998563032,0.0,0,0.0,{},{}
2024-03-11 15:30:00+05:30,150169.60998563032,0.0,0,0.0,{},{}
2024-03-12 15:30:00+05:30,150169.60998563032,0.0,0,0.0,{},{}
2024-03-13 15:30:00+05:30,150169.60998563032,0.0,0,0.0,{},{}
2024-03-14 15:30:00+05:30,150169.60998563032,0.0,0,0.0,{},{}
2024-03-15 15:30:00+05:30,150169.60998563032,0.0,0,0.0,{},{}
2024-03-18 15:30:00+05:30,150169.60998563032,0.0,0,0.0,{},{}
2024-03-19 15:30:00+05:30,150169.60998563032,0.0,0,0.0,{},{}
2024-03-20 15:30:00+05:30,150169.60998563032,0.0,0,0.0,{},{}
2024-03-21 15:30:00+05:30,150169.60998563032,0.0,0,0.0,{},{}
2024-03-22 15:30:00+05:30,150169.60998563032,0.0,0,0.0,{},{}
2024-03-25 15:30:00+05:30,150169.60998563032,0.0,0,0.0,{},{}
2024-03-26 15:30:00+05:30,150169.60998563032,0.0,0,0.0,{},{}
2024-03-27 15:30:00+05:30,150169.60998563032,0.0,0,0.0,{},{}
2024-03-28 15:30:00+05:30,150169.60998563032,0.0,0,0.0,{},{}
2024-03-29 15:30:00+05:30,150169.60998563032,0.0,0,0.0,{},{}
2024-04-01 15:30:00+05:30,150169.60998563032,0.0,0,0.0,{},{}
2024-04-02 15:30:00+05:30,150169.60998563032,0.0,0,0.0,{},{}
2024-04-03 15:30:00+05:30,150169.60998563032,0.0,0,0.0,{},{}
2024-04-04 15:30:00+05:30,150169.60998563032,0.0,0,0.0,{},{}
2024-04-05 15:30:00+05:30,150169.60998563032,0.0,0,0.0,{},{}
2024-04-08 15:30:00+05:30,150169.60998563032,0.0,0,0.0,{},{}
2024-04-09 15:30:00+05:30,150169.60998563032,0.0,0,0.0,{},{}
2024-04-10 15:30:00+05:30,150169.60998563032,0.0,0,0.0,{},{}
2024-04-11 15:30:00+05:30,150169.60998563032,0.0,0,0.0,{},{}
2024-04-12 15:30:00+05:30,150169.60998563032,0.0,0,0.0,{},{}
2024-04-15 15:30:00+05:30,150169.60998563032,0.0,0,0.0,{},{}
2024-04-16 15:30:00+05:30,150169.60998563032,0.0,0,0.0,{},{}
2024-04-17 15:30:00+05:30,150169.60998563032,0.0,0,0.0,{},{}
2024-04-18 15:30:00+05:30,150169.60998563032,0.0,0,0.0,{},{}
2024-04-19 15:30:00+05:30,150169.60998563032,0.0,0,0.0,{},{}
2024-04-22 15:30:00+05:30,150169.60998563032,0.0,0,0.0,{},{}
2024-04-23 15:30:00+05:30,150169.60998563032,0.0,0,0.0,{},{}
2024-04-24 15:30:00+05:30,150169.60998563032,0.0,0,0.0,{},{}
2024-04-25 15:30:00+05:30,150169.60998563032,0.0,0,0.0,{},{}
2024-04-26 15:30:00+05:30,150169.60998563032,0.0,0,0.0,{},{}
2024-04-29 15:30:00+05:30,150169.60998563032,0.0,0,0.0,{},{}
2024-04-30 15:30:00+05:30,150523.2829625413,37155.24282411246,2,36757.96659152348,"{'Energy': 17669.921390418083, 'Finance': 19485.32143369438}",{'volatility_breakout': 37155.24282411246}
2024-05-01 15:30:00+05:30,150766.4699818171,37398.42984338826,2,0.0,"{'Energy': 17748.646796629168, 'Finance': 19649.78304675909}",{'volatility_breakout': 37398.42984338826}
2024-05-02 15:30:00+05:30,150610.40443938875,37242.36430095989,2,0.0,"{'Energy': 17674.811311653593, 'Finance': 19567.5529893063}",{'volatility_breakout': 37242.36430095989}
2024-05-03 15:30:00+05:30,150572.84695524676,37204.80681681792,2,0.0,"{'Energy': 17610.497798252516, 'Finance': 19594.309018565407}",{'volatility_breakout': 37204.80681681792}
2024-05-06 15:30:00+05:30,150332.40375762215,36964.363619193304,2,0.0,"{'Energy': 17568.028315183157, 'Finance': 19396.33530401015}",{'volatility_breakout': 36964.363619193304}
2024-05-07 15:30:00+05:30,150655.35331868773,37287.31318025889,2,0.0,"{'Energy': 17602.50821976982, 'Finance': 19684.804960489066}",{'volatility_breakout': 37287.31318025889}
2024-05-08 15:30:00+05:30,150410.26939528875,37042.22925685989,2,0.0,"{'Energy': 17368.078645175574, 'Finance': 19674.150611684316}",{'volatility_breakout': 37042.22925685989}
2024-05-09 15:30:00+05:30,150370.00882716462,0.0,0,37040.35086334952,{},{}
2024-05-10 15:30:00+05:30,150370.00882716462,0.0,0,0.0,{},{}
2024-05-13 15:30:00+05:30,150370.00882716462,0.0,0,0.0,{},{}
2024-05-14 15:30:00+05:30,150370.00882716462,0.0,0,0.0,{},{}
2024-05-15 15:30:00+05:30,150370.00882716462,0.0,0,0.0,{},{}
2024-05-16 15:30:00+05:30,150370.00882716462,0.0,0,0.0,{},{}
2024-05-17 15:30:00+05:30,150370.00882716462,0.0,0,0.0,{},{}
2024-05-20 15:30:00+05:30,150370.00882716462,0.0,0,0.0,{},{}
2024-05-21 15:30:00+05:30,150370.00882716462,0.0,0,0.0,{},{}
2024-05-22 15:30:00+05:30,150370.00882716462,0.0,0,0.0,{},{}
2024-05-23 15:30:00+05:30,150370.00882716462,0.0,0,0.0,{},{}
2024-05-24 15:30:00+05:30,150370.00882716462,0.0,0,0.0,{},{}
2024-05-27 15:30:00+05:30,150370.00882716462,0.0,0,0.0,{},{}
2024-05-28 15:30:00+05:30,150370.00882716462,0.0,0,0.0,{},{}
2024-05-29 15:30:00+05:30,150370.00882716462,0.0,0,0.0,{},{}
2024-05-30 15:30:00+05:30,150370.00882716462,0.0,0,0.0,{},{}
2024-05-31 15:30:00+05:30,150370.00882716462,0.0,0,0.0,{},{}
2024-06-03 15:30:00+05:30,150370.00882716462,0.0,0,0.0,{},{}
2024-06-04 15:30:00+05:30,150370.00882716462,0.0,0,0.0,{},{}
2024-06-05 15:30:00+05:30,150370.00882716462,0.0,0,0.0,{},{}
2024-06-06 15:30:00+05:30,150370.00882716462,0.0,0,0.0,{},{}
2024-06-07 15:30:00+05:30,150370.00882716462,0.0,0,0.0,{},{}
2024-06-10 15:30:00+05:30,150370.00882716462,0.0,0,0.0,{},{}
2024-06-11 15:30:00+05:30,150370.00882716462,0.0,0,0.0,{},{}
2024-06-12 15:30:00+05:30,150370.00882716462,0.0,0,0.0,{},{}
2024-06-13 15:30:00+05:30,150370.00882716462,0.0,0,0.0,{},{}
2024-06-14 15:30:00+05:30,150370.00882716462,0.0,0,0.0,{},{}
2024-06-17 15:30:00+05:30,150370.00882716462,0.0,0,0.0,{},{}
2024-06-18 15:30:00+05:30,150370.00882716462,0.0,0,0.0,{},{}
2024-06-19 15:30:00+05:30,150370.00882716462,0.0,0,0.0,{},{}
2024-06-20 15:30:00+05:30,150370.00882716462,0.0,0,0.0,{},{}
2024-06-21 15:30:00+05:30,150370.00882716462,0.0,0,0.0,{},{}
2024-06-24 15:30:00+05:30,150370.00882716462,0.0,0,0.0,{},{}
2024-06-25 15:30:00+05:30,150370.00882716462,0.0,0,0.0,{},{}
2024-06-26 15:30:00+05:30,150370.00882716462,0.0,0,0.0,{},{}
2024-06-27 15:30:00+05:30,150370.00882716462,0.0,0,0.0,{},{}
2024-06-28 15:30:00+05:30,150370.00882716462,0.0,0,0.0,{},{}
