timestamp,label,breadth,adx,directional
2022-01-03 15:30:00+05:30,FLAT,0.5,0.0,False
2022-01-04 15:30:00+05:30,FLAT,0.5,0.0,False
2022-01-05 15:30:00+05:30,FLAT,0.5,0.0,False
2022-01-06 15:30:00+05:30,FLAT,0.5,0.0,False
2022-01-07 15:30:00+05:30,FLAT,0.5,0.0,False
2022-01-10 15:30:00+05:30,FLAT,0.5,0.0,False
2022-01-11 15:30:00+05:30,FLAT,0.5,0.0,False
2022-01-12 15:30:00+05:30,FLAT,0.5,0.0,False
2022-01-13 15:30:00+05:30,FLAT,0.5,0.0,False
2022-01-14 15:30:00+05:30,FLAT,0.5,0.0,False
2022-01-17 15:30:00+05:30,FLAT,0.5,0.0,False
2022-01-18 15:30:00+05:30,FLAT,0.5,0.0,False
2022-01-19 15:30:00+05:30,FLAT,0.5,0.0,False
2022-01-20 15:30:00+05:30,FLAT,0.5,0.0,False
2022-01-21 15:30:00+05:30,FLAT,0.5,0.0,False
2022-01-24 15:30:00+05:30,FLAT,0.5,0.0,False
2022-01-25 15:30:00+05:30,FLAT,0.5,0.0,False
2022-01-26 15:30:00+05:30,FLAT,0.5,0.0,False
2022-01-27 15:30:00+05:30,FLAT,0.5,0.0,False
2022-01-28 15:30:00+05:30,FLAT,0.5,0.0,False
2022-01-31 15:30:00+05:30,FLAT,0.5,0.0,False
2022-02-01 15:30:00+05:30,FLAT,0.5,0.0,False
2022-02-02 15:30:00+05:30,FLAT,0.5,0.0,False
2022-02-03 15:30:00+05:30,FLAT,0.5,0.0,False
2022-02-04 15:30:00+05:30,FLAT,0.5,0.0,False
2022-02-07 15:30:00+05:30,FLAT,0.5,0.0,False
2022-02-08 15:30:00+05:30,FLAT,0.5,0.0,False
2022-02-09 15:30:00+05:30,FLAT,0.5,0.0,False
2022-02-10 15:30:00+05:30,FLAT,0.5,0.0,False
2022-02-11 15:30:00+05:30,FLAT,0.5,0.0,False
2022-02-14 15:30:00+05:30,FLAT,0.5,0.0,False
2022-02-15 15:30:00+05:30,FLAT,0.5,0.0,False
2022-02-16 15:30:00+05:30,FLAT,0.5,0.0,False
2022-02-17 15:30:00+05:30,FLAT,0.5,0.0,False
2022-02-18 15:30:00+05:30,FLAT,0.5,0.0,False
2022-02-21 15:30:00+05:30,FLAT,0.5,0.0,False
2022-02-22 15:30:00+05:30,FLAT,0.5,0.0,False
2022-02-23 15:30:00+05:30,FLAT,0.5,0.0,False
2022-02-24 15:30:00+05:30,FLAT,0.5,0.0,False
2022-02-25 15:30:00+05:30,FLAT,0.5,0.0,False
2022-02-28 15:30:00+05:30,FLAT,0.5,0.0,False
2022-03-01 15:30:00+05:30,FLAT,0.5,0.0,False
2022-03-02 15:30:00+05:30,FLAT,0.5,0.0,False
2022-03-03 15:30:00+05:30,FLAT,0.5,0.0,False
2022-03-04 15:30:00+05:30,FLAT,0.5,0.0,False
2022-03-07 15:30:00+05:30,FLAT,0.5,0.0,False
2022-03-08 15:30:00+05:30,FLAT,0.5,0.0,False
2022-03-09 15:30:00+05:30,FLAT,0.5,0.0,False
2022-03-10 15:30:00+05:30,FLAT,0.5,0.0,False
2022-03-11 15:30:00+05:30,FLAT,1.0,0.0,False
2022-03-14 15:30:00+05:30,FLAT,1.0,0.0,False
2022-03-15 15:30:00+05:30,FLAT,1.0,0.0,False
2022-03-16 15:30:00+05:30,FLAT,1.0,0.0,False
2022-03-17 15:30:00+05:30,FLAT,1.0,0.0,False
2022-03-18 15:30:00+05:30,FLAT,1.0,0.0,False
2022-03-21 15:30:00+05:30,FLAT,1.0,0.0,False
2022-03-22 15:30:00+05:30,FLAT,1.0,0.0,False
2022-03-23 15:30:00+05:30,FLAT,1.0,0.0,False
2022-03-24 15:30:00+05:30,FLAT,1.0,0.0,False
2022-03-25 15:30:00+05:30,FLAT,1.0,0.0,False
2022-03-28 15:30:00+05:30,FLAT,0.875,0.0,False
2022-03-29 15:30:00+05:30,FLAT,1.0,0.0,False
2022-03-30 15:30:00+05:30,FLAT,1.0,0.0,False
2022-03-31 15:30:00+05:30,FLAT,1.0,0.0,False
2022-04-01 15:30:00+05:30,FLAT,1.0,0.0,False
2022-04-04 15:30:00+05:30,FLAT,1.0,0.0,False
2022-04-05 15:30:00+05:30,FLAT,1.0,0.0,False
2022-04-06 15:30:00+05:30,FLAT,1.0,0.0,False
2022-04-07 15:30:00+05:30,FLAT,1.0,0.0,False
2022-04-08 15:30:00+05:30,FLAT,1.0,0.0,False
2022-04-11 15:30:00+05:30,FLAT,1.0,0.0,False
2022-04-12 15:30:00+05:30,FLAT,1.0,0.0,False
2022-04-13 15:30:00+05:30,FLAT,0.875,0.0,False
2022-04-14 15:30:00+05:30,FLAT,0.875,0.0,False
2022-04-15 15:30:00+05:30,FLAT,0.875,0.0,False
2022-04-18 15:30:00+05:30,FLAT,0.875,0.0,False
2022-04-19 15:30:00+05:30,FLAT,0.875,0.0,False
2022-04-20 15:30:00+05:30,FLAT,1.0,0.0,False
2022-04-21 15:30:00+05:30,FLAT,0.875,0.0,False
2022-04-22 15:30:00+05:30,FLAT,0.875,0.0,False
2022-04-25 15:30:00+05:30,FLAT,0.875,0.0,False
2022-04-26 15:30:00+05:30,FLAT,0.875,0.0,False
2022-04-27 15:30:00+05:30,FLAT,0.875,0.0,False
2022-04-28 15:30:00+05:30,FLAT,0.75,0.0,False
2022-04-29 15:30:00+05:30,FLAT,0.75,0.0,False
2022-05-02 15:30:00+05:30,FLAT,1.0,0.0,False
2022-05-03 15:30:00+05:30,FLAT,1.0,0.0,False
2022-05-04 15:30:00+05:30,FLAT,1.0,0.0,False
2022-05-05 15:30:00+05:30,FLAT,1.0,0.0,False
2022-05-06 15:30:00+05:30,FLAT,0.875,0.0,False
2022-05-09 15:30:00+05:30,FLAT,0.875,0.0,False
2022-05-10 15:30:00+05:30,FLAT,0.875,0.0,False
2022-05-11 15:30:00+05:30,FLAT,0.875,0.0,False
2022-05-12 15:30:00+05:30,FLAT,0.875,0.0,False
2022-05-13 15:30:00+05:30,FLAT,0.875,0.0,False
2022-05-16 15:30:00+05:30,FLAT,0.875,0.0,False
2022-05-17 15:30:00+05:30,FLAT,0.875,0.0,False
2022-05-18 15:30:00+05:30,FLAT,0.875,0.0,False
2022-05-19 15:30:00+05:30,FLAT,0.875,0.0,False
2022-05-20 15:30:00+05:30,FLAT,0.875,0.0,False
2022-05-23 15:30:00+05:30,FLAT,0.875,0.0,False
2022-05-24 15:30:00+05:30,FLAT,0.875,0.0,False
2022-05-25 15:30:00+05:30,FLAT,0.875,0.0,False
2022-05-26 15:30:00+05:30,FLAT,0.875,0.0,False
2022-05-27 15:30:00+05:30,FLAT,1.0,0.0,False
2022-05-30 15:30:00+05:30,FLAT,0.875,0.0,False
2022-05-31 15:30:00+05:30,FLAT,0.875,0.0,False
2022-06-01 15:30:00+05:30,FLAT,0.875,0.0,False
2022-06-02 15:30:00+05:30,FLAT,1.0,0.0,False
2022-06-03 15:30:00+05:30,FLAT,1.0,0.0,False
2022-06-06 15:30:00+05:30,FLAT,1.0,0.0,False
2022-06-07 15:30:00+05:30,FLAT,1.0,0.0,False
2022-06-08 15:30:00+05:30,FLAT,1.0,0.0,False
2022-06-09 15:30:00+05:30,FLAT,1.0,0.0,False
2022-06-10 15:30:00+05:30,FLAT,1.0,0.0,False
2022-06-13 15:30:00+05:30,FLAT,0.875,0.0,False
2022-06-14 15:30:00+05:30,FLAT,0.875,0.0,False
2022-06-15 15:30:00+05:30,FLAT,0.875,0.0,False
2022-06-16 15:30:00+05:30,FLAT,0.875,0.0,False
2022-06-17 15:30:00+05:30,FLAT,0.875,0.0,False
2022-06-20 15:30:00+05:30,FLAT,0.875,0.0,False
2022-06-21 15:30:00+05:30,FLAT,0.875,0.0,False
2022-06-22 15:30:00+05:30,FLAT,0.875,0.0,False
2022-06-23 15:30:00+05:30,FLAT,0.875,0.0,False
2022-06-24 15:30:00+05:30,FLAT,0.875,0.0,False
2022-06-27 15:30:00+05:30,FLAT,0.875,0.0,False
2022-06-28 15:30:00+05:30,FLAT,0.875,0.0,False
2022-06-29 15:30:00+05:30,FLAT,0.875,0.0,False
2022-06-30 15:30:00+05:30,FLAT,0.875,0.0,False
2022-07-01 15:30:00+05:30,FLAT,0.875,0.0,False
2022-07-04 15:30:00+05:30,FLAT,0.875,0.0,False
2022-07-05 15:30:00+05:30,FLAT,0.875,0.0,False
2022-07-06 15:30:00+05:30,FLAT,0.875,0.0,False
2022-07-07 15:30:00+05:30,FLAT,0.875,0.0,False
2022-07-08 15:30:00+05:30,FLAT,0.75,0.0,False
2022-07-11 15:30:00+05:30,FLAT,0.75,0.0,False
2022-07-12 15:30:00+05:30,FLAT,0.875,0.0,False
2022-07-13 15:30:00+05:30,FLAT,0.875,0.0,False
2022-07-14 15:30:00+05:30,FLAT,0.875,0.0,False
2022-07-15 15:30:00+05:30,FLAT,0.875,0.0,False
2022-07-18 15:30:00+05:30,FLAT,0.875,0.0,False
2022-07-19 15:30:00+05:30,FLAT,0.875,0.0,False
2022-07-20 15:30:00+05:30,FLAT,0.875,0.0,False
2022-07-21 15:30:00+05:30,FLAT,0.875,0.0,False
2022-07-22 15:30:00+05:30,FLAT,0.875,0.0,False
2022-07-25 15:30:00+05:30,FLAT,0.875,0.0,False
2022-07-26 15:30:00+05:30,FLAT,1.0,0.0,False
2022-07-27 15:30:00+05:30,FLAT,1.0,0.0,False
2022-07-28 15:30:00+05:30,FLAT,1.0,0.0,False
2022-07-29 15:30:00+05:30,FLAT,1.0,0.0,False
2022-08-01 15:30:00+05:30,FLAT,1.0,0.0,False
2022-08-02 15:30:00+05:30,FLAT,1.0,0.0,False
2022-08-03 15:30:00+05:30,FLAT,1.0,0.0,False
2022-08-04 15:30:00+05:30,FLAT,1.0,0.0,False
2022-08-05 15:30:00+05:30,FLAT,1.0,0.0,False
2022-08-08 15:30:00+05:30,FLAT,1.0,0.0,False
2022-08-09 15:30:00+05:30,FLAT,1.0,0.0,False
2022-08-10 15:30:00+05:30,FLAT,1.0,0.0,False
2022-08-11 15:30:00+05:30,FLAT,1.0,0.0,False
2022-08-12 15:30:00+05:30,FLAT,1.0,0.0,False
2022-08-15 15:30:00+05:30,FLAT,1.0,0.0,False
2022-08-16 15:30:00+05:30,FLAT,1.0,0.0,False
2022-08-17 15:30:00+05:30,FLAT,1.0,0.0,False
2022-08-18 15:30:00+05:30,FLAT,1.0,0.0,False
2022-08-19 15:30:00+05:30,FLAT,1.0,0.0,False
2022-08-22 15:30:00+05:30,FLAT,1.0,0.0,False
2022-08-23 15:30:00+05:30,FLAT,1.0,0.0,False
2022-08-24 15:30:00+05:30,FLAT,1.0,0.0,False
2022-08-25 15:30:00+05:30,FLAT,1.0,0.0,False
2022-08-26 15:30:00+05:30,FLAT,1.0,0.0,False
2022-08-29 15:30:00+05:30,FLAT,1.0,0.0,False
2022-08-30 15:30:00+05:30,FLAT,1.0,0.0,False
2022-08-31 15:30:00+05:30,FLAT,1.0,0.0,False
2022-09-01 15:30:00+05:30,FLAT,1.0,0.0,False
2022-09-02 15:30:00+05:30,FLAT,0.875,0.0,False
2022-09-05 15:30:00+05:30,FLAT,0.875,0.0,False
2022-09-06 15:30:00+05:30,FLAT,0.875,0.0,False
2022-09-07 15:30:00+05:30,FLAT,0.875,0.0,False
2022-09-08 15:30:00+05:30,FLAT,1.0,0.0,False
2022-09-09 15:30:00+05:30,FLAT,0.875,0.0,False
2022-09-12 15:30:00+05:30,FLAT,0.875,0.0,False
2022-09-13 15:30:00+05:30,FLAT,0.875,0.0,False
2022-09-14 15:30:00+05:30,FLAT,0.875,0.0,False
2022-09-15 15:30:00+05:30,FLAT,0.875,0.0,False
2022-09-16 15:30:00+05:30,FLAT,0.875,0.0,False
2022-09-19 15:30:00+05:30,FLAT,0.875,0.0,False
2022-09-20 15:30:00+05:30,FLAT,0.875,0.0,False
2022-09-21 15:30:00+05:30,FLAT,0.875,0.0,False
2022-09-22 15:30:00+05:30,FLAT,0.875,0.0,False
2022-09-23 15:30:00+05:30,FLAT,0.875,0.0,False
2022-09-26 15:30:00+05:30,FLAT,1.0,0.0,False
2022-09-27 15:30:00+05:30,FLAT,1.0,0.0,False
2022-09-28 15:30:00+05:30,FLAT,1.0,0.0,False
2022-09-29 15:30:00+05:30,FLAT,1.0,0.0,False
2022-09-30 15:30:00+05:30,FLAT,1.0,0.0,False
2022-10-03 15:30:00+05:30,FLAT,1.0,0.0,False
2022-10-04 15:30:00+05:30,FLAT,1.0,0.0,False
2022-10-05 15:30:00+05:30,FLAT,1.0,0.0,False
2022-10-06 15:30:00+05:30,FLAT,1.0,0.0,False
2022-10-07 15:30:00+05:30,BULL,1.0,59.64716669929154,True
2022-10-10 15:30:00+05:30,BULL,1.0,60.27608394812511,True
2022-10-11 15:30:00+05:30,BULL,1.0,61.27366244313763,True
2022-10-12 15:30:00+05:30,BULL,1.0,62.28721001198045,True
2022-10-13 15:30:00+05:30,BULL,1.0,63.40984329921715,True
2022-10-14 15:30:00+05:30,BULL,1.0,63.5251898483065,True
2022-10-17 15:30:00+05:30,BULL,1.0,63.63229735817519,True
2022-10-18 15:30:00+05:30,BULL,1.0,63.46737986670835,True
2022-10-19 15:30:00+05:30,BULL,1.0,62.1807873392256,True
2022-10-20 15:30:00+05:30,BULL,0.875,60.35917711776533,True
2022-10-21 15:30:00+05:30,BULL,1.0,58.66768191212365,True
2022-10-24 15:30:00+05:30,BULL,1.0,57.74977814094176,True
2022-10-25 15:30:00+05:30,BULL,0.875,56.89743892484428,True
2022-10-26 15:30:00+05:30,BULL,0.875,56.1059810813252,True
2022-10-27 15:30:00+05:30,BULL,0.875,55.37105594091462,True
2022-10-28 15:30:00+05:30,BULL,0.875,54.688625453390515,True
2022-10-31 15:30:00+05:30,BULL,1.0,54.7630490055646,True
2022-11-01 15:30:00+05:30,BULL,1.0,55.195791724255926,True
2022-11-02 15:30:00+05:30,BULL,1.0,56.13290415585128,True
2022-11-03 15:30:00+05:30,BULL,1.0,57.056026366973924,True
2022-11-04 15:30:00+05:30,BULL,1.0,57.684588945187826,True
2022-11-07 15:30:00+05:30,BULL,1.0,58.26825419638645,True
2022-11-08 15:30:00+05:30,BULL,1.0,59.005305482379754,True
2022-11-09 15:30:00+05:30,BULL,1.0,59.84960086283836,True
2022-11-10 15:30:00+05:30,BULL,0.875,60.27680615875509,True
2022-11-11 15:30:00+05:30,BULL,0.75,60.67349679067776,True
2022-11-14 15:30:00+05:30,BULL,0.875,61.253544365574236,True
2022-11-15 15:30:00+05:30,BULL,0.875,62.501123834977875,True
2022-11-16 15:30:00+05:30,BULL,0.875,63.981546749206714,True
2022-11-17 15:30:00+05:30,BULL,0.875,65.35622516956207,True
2022-11-18 15:30:00+05:30,BULL,0.875,66.63271227417775,True
2022-11-21 15:30:00+05:30,BULL,0.875,66.37025554196569,True
2022-11-22 15:30:00+05:30,BULL,0.875,65.81812503587801,True
2022-11-23 15:30:00+05:30,BULL,0.875,65.44782428218842,True
2022-11-24 15:30:00+05:30,BULL,0.875,65.55455636199437,True
2022-11-25 15:30:00+05:30,BULL,0.875,65.6536647218142,True
2022-11-28 15:30:00+05:30,BULL,0.875,65.3288819510113,True
2022-11-29 15:30:00+05:30,BULL,0.875,62.94047488123077,True
2022-11-30 15:30:00+05:30,BULL,0.875,60.722668316434564,True
2022-12-01 15:30:00+05:30,BULL,0.875,58.12031813255891,True
2022-12-02 15:30:00+05:30,BULL,0.875,55.51971004794692,True
2022-12-05 15:30:00+05:30,BULL,0.875,52.57048662152356,True
2022-12-06 15:30:00+05:30,BULL,0.75,49.831922011273285,True
2022-12-07 15:30:00+05:30,BULL,0.625,46.35312886388141,True
2022-12-08 15:30:00+05:30,FLAT,0.5,43.988885341685865,True
2022-12-09 15:30:00+05:30,BULL,0.75,41.03092832224264,True
2022-12-12 15:30:00+05:30,BULL,1.0,38.28425394704535,True
2022-12-13 15:30:00+05:30,BULL,0.875,35.960027996755265,True
2022-12-14 15:30:00+05:30,BULL,0.875,34.07810074519415,True
2022-12-15 15:30:00+05:30,BULL,1.0,34.02862152108218,True
2022-12-16 15:30:00+05:30,BULL,0.875,33.982676527263926,True
2022-12-19 15:30:00+05:30,BULL,1.0,33.92376170307135,True
2022-12-20 15:30:00+05:30,BULL,1.0,34.173639115194916,True
2022-12-21 15:30:00+05:30,BULL,1.0,35.19139872947802,True
2022-12-22 15:30:00+05:30,BULL,1.0,36.13646122845518,True
2022-12-23 15:30:00+05:30,BULL,1.0,37.0140192632197,True
2022-12-26 15:30:00+05:30,BULL,1.0,38.22238641192397,True
2022-12-27 15:30:00+05:30,BULL,1.0,39.58925601287796,True
2022-12-28 15:30:00+05:30,BULL,1.0,40.858492070906664,True
2022-12-29 15:30:00+05:30,BULL,1.0,42.09951969693954,True
2022-12-30 15:30:00+05:30,BULL,1.0,42.28639395279781,True
2023-01-02 15:30:00+05:30,BULL,1.0,42.45992004752334,True
2023-01-03 15:30:00+05:30,BULL,1.0,42.66120887596533,True
2023-01-04 15:30:00+05:30,BULL,1.0,43.12539659107626,True
2023-01-05 15:30:00+05:30,BULL,1.0,43.55642804082213,True
2023-01-06 15:30:00+05:30,BULL,1.0,44.24821439663298,True
2023-01-09 15:30:00+05:30,BULL,1.0,45.42845556167083,True
2023-01-10 15:30:00+05:30,BULL,1.0,46.69433734836839,True
2023-01-11 15:30:00+05:30,BULL,1.0,48.08913206777351,True
2023-01-12 15:30:00+05:30,BULL,1.0,49.50283941223068,True
2023-01-13 15:30:00+05:30,BULL,1.0,50.916490671930774,True
2023-01-16 15:30:00+05:30,BULL,1.0,52.194295106062114,True
2023-01-17 15:30:00+05:30,BULL,1.0,53.47251018285781,True
2023-01-18 15:30:00+05:30,BULL,1.0,54.737658408778316,True
2023-01-19 15:30:00+05:30,BULL,1.0,56.48277179368286,True
2023-01-20 15:30:00+05:30,BULL,1.0,58.38828887359521,True
2023-01-23 15:30:00+05:30,BULL,1.0,60.246132170789224,True
2023-01-24 15:30:00+05:30,BULL,1.0,61.97127237532652,True
2023-01-25 15:30:00+05:30,BULL,1.0,62.509621743424205,True
2023-01-26 15:30:00+05:30,BULL,1.0,63.18834829651633,True
2023-01-27 15:30:00+05:30,BULL,1.0,63.9489804104096,True
2023-01-30 15:30:00+05:30,BULL,1.0,64.81808501976391,True
2023-01-31 15:30:00+05:30,BULL,1.0,64.87555877621834,True
2023-02-01 15:30:00+05:30,BULL,1.0,64.9289272643546,True
2023-02-02 15:30:00+05:30,BULL,1.0,65.20056010501041,True
2023-02-03 15:30:00+05:30,BULL,1.0,65.4527905999051,True
2023-02-06 15:30:00+05:30,BULL,1.0,65.5000550813376,True
2023-02-07 15:30:00+05:30,BULL,1.0,65.69807475884043,True
2023-02-08 15:30:00+05:30,BULL,1.0,66.0024911971259,True
2023-02-09 15:30:00+05:30,BULL,1.0,66.30269569057734,True
2023-02-10 15:30:00+05:30,BULL,1.0,66.6584429333571,True
2023-02-13 15:30:00+05:30,BULL,1.0,67.02009101569239,True
2023-02-14 15:30:00+05:30,BULL,1.0,67.51309102468177,True
2023-02-15 15:30:00+05:30,BULL,1.0,68.40639249684173,True
2023-02-16 15:30:00+05:30,BULL,1.0,67.36389771879354,True
2023-02-17 15:30:00+05:30,BULL,1.0,65.46646993055252,True
2023-02-20 15:30:00+05:30,BULL,1.0,63.31859604741457,True
2023-02-21 15:30:00+05:30,BULL,1.0,61.07871950813204,True
2023-02-22 15:30:00+05:30,BULL,1.0,58.01492869807907,True
2023-02-23 15:30:00+05:30,BULL,1.0,54.46544894125346,True
2023-02-24 15:30:00+05:30,BULL,0.875,51.287317444515885,True
2023-02-27 15:30:00+05:30,BULL,0.75,47.75109178990236,True
2023-02-28 15:30:00+05:30,BULL,0.75,44.79630972904767,True
2023-03-01 15:30:00+05:30,FLAT,0.5,42.0525835296826,True
2023-03-02 15:30:00+05:30,FLAT,0.5,39.84421395240286,True
2023-03-03 15:30:00+05:30,FLAT,0.5,38.18594711602217,True
2023-03-06 15:30:00+05:30,FLAT,0.5,37.56897114262912,True
2023-03-07 15:30:00+05:30,FLAT,0.5,37.40839508062295,True
2023-03-08 15:30:00+05:30,FLAT,0.375,37.25928873733152,True
2023-03-09 15:30:00+05:30,FLAT,0.625,37.03018936889477,True
2023-03-10 15:30:00+05:30,FLAT,0.75,35.56154046246636,True
2023-03-13 15:30:00+05:30,FLAT,0.75,33.59623877263095,True
2023-03-14 15:30:00+05:30,FLAT,0.75,31.77131577492663,True
2023-03-15 15:30:00+05:30,FLAT,0.75,29.91623001399388,True
2023-03-16 15:30:00+05:30,BULL,0.75,28.19365037884204,True
2023-03-17 15:30:00+05:30,BULL,0.75,26.813102289973582,True
2023-03-20 15:30:00+05:30,BULL,0.75,25.082944898627385,True
2023-03-21 15:30:00+05:30,BULL,0.75,23.503488686082655,True
2023-03-22 15:30:00+05:30,FLAT,0.625,22.99666999906838,True
2023-03-23 15:30:00+05:30,FLAT,0.75,22.52605264684084,True
2023-03-24 15:30:00+05:30,FLAT,0.625,22.906785782896524,True
2023-03-27 15:30:00+05:30,FLAT,0.625,23.26032369494823,True
2023-03-28 15:30:00+05:30,FLAT,0.625,23.854394030452053,True
2023-03-29 15:30:00+05:30,FLAT,0.625,24.406030770562744,True
2023-03-30 15:30:00+05:30,FLAT,0.75,24.58303537460484,True
2023-03-31 15:30:00+05:30,FLAT,0.625,23.21896535614747,True
2023-04-03 15:30:00+05:30,FLAT,0.5,21.719864132684613,True
2023-04-04 15:30:00+05:30,FLAT,0.5,21.78180311656733,True
2023-04-05 15:30:00+05:30,FLAT,0.375,22.194811591899803,True
2023-04-06 15:30:00+05:30,FLAT,0.375,23.452378518831914,True
2023-04-07 15:30:00+05:30,FLAT,0.375,25.046945640045827,True
2023-04-10 15:30:00+05:30,FLAT,0.375,26.52761510974446,True
2023-04-11 15:30:00+05:30,FLAT,0.625,27.742107586129915,True
2023-04-12 15:30:00+05:30,FLAT,0.5,29.325087000200337,True
2023-04-13 15:30:00+05:30,FLAT,0.375,31.321314555420606,True
2023-04-14 15:30:00+05:30,FLAT,0.375,33.31667772625299,True
2023-04-17 15:30:00+05:30,FLAT,0.875,35.61956375627534,True
2023-04-18 15:30:00+05:30,FLAT,0.875,38.00767226701218,True
2023-04-19 15:30:00+05:30,FLAT,0.75,40.26321685754682,True
2023-04-20 15:30:00+05:30,FLAT,0.625,41.82179313469653,True
2023-04-21 15:30:00+05:30,FLAT,0.75,43.14194128455597,True
2023-04-24 15:30:00+05:30,FLAT,0.375,45.00321232720479,True
2023-04-25 15:30:00+05:30,FLAT,0.625,46.76937216478614,True
2023-04-26 15:30:00+05:30,FLAT,0.625,48.49347101402953,True
2023-04-27 15:30:00+05:30,FLAT,0.625,50.11176887933427,True
2023-04-28 15:30:00+05:30,FLAT,0.625,50.420629955462964,True
2023-05-01 15:30:00+05:30,FLAT,0.5,51.12297227305413,True
2023-05-02 15:30:00+05:30,FLAT,0.5,52.04062260310195,True
2023-05-03 15:30:00+05:30,FLAT,0.625,52.8927264810035,True
2023-05-04 15:30:00+05:30,FLAT,0.375,54.10688075101468,True
2023-05-05 15:30:00+05:30,FLAT,0.5,55.23430971602507,True
2023-05-08 15:30:00+05:30,FLAT,0.375,56.28120804067756,True
2023-05-09 15:30:00+05:30,FLAT,0.375,56.98911269568397,True
2023-05-10 15:30:00+05:30,FLAT,0.375,57.822253762497155,True
2023-05-11 15:30:00+05:30,FLAT,0.375,58.595884753109395,True
2023-05-12 15:30:00+05:30,FLAT,0.375,58.562168929658874,True
2023-05-15 15:30:00+05:30,FLAT,0.375,58.53086137931196,True
2023-05-16 15:30:00+05:30,FLAT,0.5,58.59924510990809,True
2023-05-17 15:30:00+05:30,FLAT,0.5,58.747869541655426,True
2023-05-18 15:30:00+05:30,FLAT,0.5,59.32927840566425,True
2023-05-19 15:30:00+05:30,FLAT,0.375,60.04522128690006,True
2023-05-22 15:30:00+05:30,FLAT,0.5,60.873259344309055,True
2023-05-23 15:30:00+05:30,FLAT,0.5,61.67076853902056,True
2023-05-24 15:30:00+05:30,FLAT,0.5,61.8234245459633,True
2023-05-25 15:30:00+05:30,FLAT,0.5,62.28522060695467,True
2023-05-26 15:30:00+05:30,FLAT,0.5,62.87878893252567,True
2023-05-29 15:30:00+05:30,FLAT,0.5,62.90589191291086,True
2023-05-30 15:30:00+05:30,FLAT,0.375,63.01686066652178,True
2023-05-31 15:30:00+05:30,FLAT,0.375,63.501733937969725,True
2023-06-01 15:30:00+05:30,FLAT,0.375,64.02762315342895,True
2023-06-02 15:30:00+05:30,FLAT,0.375,64.4437325562376,True
2023-06-05 15:30:00+05:30,FLAT,0.375,64.87145016287478,True
2023-06-06 15:30:00+05:30,FLAT,0.375,64.69879348488348,True
2023-06-07 15:30:00+05:30,FLAT,0.375,63.95534159580363,True
2023-06-08 15:30:00+05:30,FLAT,0.375,62.72104126165761,True
2023-06-09 15:30:00+05:30,FLAT,0.375,61.48740755475325,True
2023-06-12 15:30:00+05:30,BEAR,0.375,57.91437264055839,True
2023-06-13 15:30:00+05:30,BEAR,0.375,54.59655450594888,True
2023-06-14 15:30:00+05:30,BEAR,0.25,53.217491816068495,True
2023-06-15 15:30:00+05:30,BEAR,0.375,51.93693360403671,True
2023-06-16 15:30:00+05:30,BEAR,0.375,50.74784383572148,True
2023-06-19 15:30:00+05:30,FLAT,0.75,49.87370052586215,True
2023-06-20 15:30:00+05:30,FLAT,0.875,48.52518630755454,True
2023-06-21 15:30:00+05:30,FLAT,0.875,48.0225150091236,True
2023-06-22 15:30:00+05:30,FLAT,0.875,48.31097336079571,True
2023-06-23 15:30:00+05:30,FLAT,1.0,49.22285897990616,True
2023-06-26 15:30:00+05:30,FLAT,0.75,50.37610431908912,True
2023-06-27 15:30:00+05:30,FLAT,0.75,51.46056137091706,True
2023-06-28 15:30:00+05:30,FLAT,0.625,52.467557204757284,True
2023-06-29 15:30:00+05:30,FLAT,0.75,53.45333112629741,True
2023-06-30 15:30:00+05:30,FLAT,0.5,54.78994669052679,True
2023-07-03 15:30:00+05:30,BEAR,0.0,56.45870384336233,True
2023-07-04 15:30:00+05:30,BEAR,0.125,58.063209557859075,True
2023-07-05 15:30:00+05:30,BEAR,0.125,59.667787534424804,True
2023-07-06 15:30:00+05:30,BEAR,0.25,61.16249536029324,True
2023-07-07 15:30:00+05:30,BEAR,0.25,62.364172948256524,True
2023-07-10 15:30:00+05:30,BEAR,0.125,63.503755838516845,True
2023-07-11 15:30:00+05:30,BEAR,0.125,64.56193995090142,True
2023-07-12 15:30:00+05:30,BEAR,0.125,65.54634484199569,True
2023-07-13 15:30:00+05:30,BEAR,0.125,66.4604350980118,True
2023-07-14 15:30:00+05:30,BEAR,0.0,67.50945673906453,True
2023-07-17 15:30:00+05:30,BEAR,0.0,68.58370761568008,True
2023-07-18 15:30:00+05:30,BEAR,0.125,69.62415418464325,True
2023-07-19 15:30:00+05:30,BEAR,0.125,70.56252435150745,True
2023-07-20 15:30:00+05:30,BEAR,0.125,71.52000041585845,True
2023-07-21 15:30:00+05:30,BEAR,0.125,72.4090853327558,True
2023-07-24 15:30:00+05:30,BEAR,0.125,73.3435919391299,True
2023-07-25 15:30:00+05:30,BEAR,0.125,74.29227979272194,True
2023-07-26 15:30:00+05:30,BEAR,0.125,75.17320422820026,True
2023-07-27 15:30:00+05:30,BEAR,0.125,76.22036725144117,True
2023-07-28 15:30:00+05:30,BEAR,0.125,77.32015253274953,True
2023-07-31 15:30:00+05:30,BEAR,0.125,78.44403911975674,True
2023-08-01 15:30:00+05:30,BEAR,0.125,79.59046138077053,True
2023-08-02 15:30:00+05:30,BEAR,0.125,80.68815084994854,True
2023-08-03 15:30:00+05:30,BEAR,0.125,81.70743392847099,True
2023-08-04 15:30:00+05:30,BEAR,0.125,82.66918097659132,True
2023-08-07 15:30:00+05:30,BEAR,0.125,83.57088217102475,True
2023-08-08 15:30:00+05:30,BEAR,0.125,84.05750084403918,True
2023-08-09 15:30:00+05:30,BEAR,0.125,83.52250291586971,True
2023-08-10 15:30:00+05:30,BEAR,0.125,83.02571912542665,True
2023-08-11 15:30:00+05:30,BEAR,0.125,82.20911764504766,True
2023-08-14 15:30:00+05:30,BEAR,0.125,81.4508448418386,True
2023-08-15 15:30:00+05:30,BEAR,0.125,81.0151199958499,True
2023-08-16 15:30:00+05:30,BEAR,0.125,80.79352506818965,True
2023-08-17 15:30:00+05:30,BEAR,0.125,80.8521584491018,True
2023-08-18 15:30:00+05:30,BEAR,0.125,81.05319320412686,True
2023-08-21 15:30:00+05:30,BEAR,0.375,81.32022208202501,True
2023-08-22 15:30:00+05:30,FLAT,0.625,81.56817746864472,True
2023-08-23 15:30:00+05:30,FLAT,0.625,80.44420597452593,True
2023-08-24 15:30:00+05:30,FLAT,0.625,79.53735671172555,True
2023-08-25 15:30:00+05:30,FLAT,0.625,78.71756957925231,True
2023-08-28 15:30:00+05:30,FLAT,0.75,78.25265489257468,True
2023-08-29 15:30:00+05:30,FLAT,0.75,77.82548425947446,True
2023-08-30 15:30:00+05:30,FLAT,0.625,77.54320949047096,True
2023-08-31 15:30:00+05:30,FLAT,0.625,77.62803435899873,True
2023-09-01 15:30:00+05:30,BEAR,0.375,77.70680030834593,True
2023-09-04 15:30:00+05:30,FLAT,0.5,77.86892963309417,True
2023-09-05 15:30:00+05:30,BEAR,0.375,78.14481360669545,True
2023-09-06 15:30:00+05:30,BEAR,0.125,78.56378906092013,True
2023-09-07 15:30:00+05:30,BEAR,0.125,79.05501890435055,True
2023-09-08 15:30:00+05:30,BEAR,0.125,79.51736768161571,True
2023-09-11 15:30:00+05:30,BEAR,0.125,80.00643832715558,True
2023-09-12 15:30:00+05:30,BEAR,0.125,80.47539095219642,True
2023-09-13 15:30:00+05:30,BEAR,0.125,80.92333680302632,True
2023-09-14 15:30:00+05:30,BEAR,0.125,80.46994924001987,True
2023-09-15 15:30:00+05:30,BEAR,0.0,80.05304394579507,True
2023-09-18 15:30:00+05:30,BEAR,0.0,79.98807063841666,True
2023-09-19 15:30:00+05:30,BEAR,0.125,79.9277382815653,True
2023-09-20 15:30:00+05:30,BEAR,0.125,79.91150509404278,True
2023-09-21 15:30:00+05:30,BEAR,0.25,79.89643141991473,True
2023-09-22 15:30:00+05:30,BEAR,0.125,79.88243443679583,True
2023-09-25 15:30:00+05:30,BEAR,0.125,79.9764512964781,True
2023-09-26 15:30:00+05:30,BEAR,0.125,80.08881174885242,True
2023-09-27 15:30:00+05:30,BEAR,0.125,78.27196206168504,True
2023-09-28 15:30:00+05:30,BEAR,0.125,74.7847116888529,True
2023-09-29 15:30:00+05:30,BEAR,0.125,71.54655062836589,True
2023-10-02 15:30:00+05:30,BEAR,0.125,68.5396867864851,True
2023-10-03 15:30:00+05:30,BEAR,0.125,64.38956363341676,True
2023-10-04 15:30:00+05:30,BEAR,0.125,60.53587784842472,True
2023-10-05 15:30:00+05:30,BEAR,0.125,56.95745533378925,True
2023-10-06 15:30:00+05:30,BEAR,0.125,53.396733176585954,True
2023-10-09 15:30:00+05:30,BEAR,0.125,49.65377266116296,True
2023-10-10 15:30:00+05:30,BEAR,0.125,46.1580452054637,True
2023-10-11 15:30:00+05:30,BEAR,0.125,44.03987278091422,True
2023-10-12 15:30:00+05:30,BEAR,0.125,43.26183434021703,True
2023-10-13 15:30:00+05:30,BEAR,0.125,42.97975076637469,True
2023-10-16 15:30:00+05:30,BEAR,0.125,42.818760818890496,True
2023-10-17 15:30:00+05:30,BEAR,0.125,42.691122476747935,True
2023-10-18 15:30:00+05:30,BEAR,0.125,40.37982426395058,True
2023-10-19 15:30:00+05:30,BEAR,0.125,37.78124451933665,True
2023-10-20 15:30:00+05:30,BEAR,0.125,35.36827761362372,True
2023-10-23 15:30:00+05:30,FLAT,0.875,33.12766548689028,True
2023-10-24 15:30:00+05:30,FLAT,0.875,31.047097083494943,True
2023-10-25 15:30:00+05:30,FLAT,0.625,29.08247193064462,True
2023-10-26 15:30:00+05:30,FLAT,0.875,27.620643865122215,True
2023-10-27 15:30:00+05:30,FLAT,1.0,26.97881389624669,True
2023-10-30 15:30:00+05:30,FLAT,1.0,26.382828925147994,True
2023-10-31 15:30:00+05:30,FLAT,1.0,26.715479472993767,True
2023-11-01 15:30:00+05:30,FLAT,1.0,27.024369267421992,True
2023-11-02 15:30:00+05:30,FLAT,0.875,27.31119550510534,True
2023-11-03 15:30:00+05:30,FLAT,1.0,29.09513654143655,True
2023-11-06 15:30:00+05:30,FLAT,1.0,30.930821194943146,True
2023-11-07 15:30:00+05:30,FLAT,1.0,33.17870519351532,True
2023-11-08 15:30:00+05:30,FLAT,1.0,35.361638889761075,True
2023-11-09 15:30:00+05:30,FLAT,1.0,37.61007602970636,True
2023-11-10 15:30:00+05:30,FLAT,1.0,39.74766505240706,True
2023-11-13 15:30:00+05:30,FLAT,1.0,41.753989696641334,True
2023-11-14 15:30:00+05:30,FLAT,1.0,42.98182310453732,True
2023-11-15 15:30:00+05:30,FLAT,1.0,44.17729557549715,True
2023-11-16 15:30:00+05:30,FLAT,1.0,45.28737715567413,True
2023-11-17 15:30:00+05:30,FLAT,1.0,46.44368863514001,True
2023-11-20 15:30:00+05:30,FLAT,1.0,47.97682639965941,True
2023-11-21 15:30:00+05:30,FLAT,1.0,49.576802963699905,True
2023-11-22 15:30:00+05:30,FLAT,1.0,51.06249548745179,True
2023-11-23 15:30:00+05:30,FLAT,1.0,52.62895048688385,True
2023-11-24 15:30:00+05:30,FLAT,1.0,54.08351584349934,True
2023-11-27 15:30:00+05:30,FLAT,1.0,55.719380643564584,True
2023-11-28 15:30:00+05:30,FLAT,1.0,56.573394476427225,True
2023-11-29 15:30:00+05:30,FLAT,1.0,57.22159359934915,True
2023-11-30 15:30:00+05:30,FLAT,1.0,55.35358228199708,True
2023-12-01 15:30:00+05:30,FLAT,1.0,52.32887486067025,True
2023-12-04 15:30:00+05:30,FLAT,1.0,49.783681631583384,True
2023-12-05 15:30:00+05:30,FLAT,1.0,48.16115339937205,True
2023-12-06 15:30:00+05:30,FLAT,1.0,46.65452004089009,True
2023-12-07 15:30:00+05:30,FLAT,1.0,44.0240597457388,True
2023-12-08 15:30:00+05:30,FLAT,0.875,42.052888093363705,True
2023-12-11 15:30:00+05:30,FLAT,0.875,40.3832340917947,True
2023-12-12 15:30:00+05:30,FLAT,0.875,37.788847539939376,True
2023-12-13 15:30:00+05:30,FLAT,1.0,35.76657632428091,True
2023-12-14 15:30:00+05:30,FLAT,0.875,33.888753052598055,True
2023-12-15 15:30:00+05:30,FLAT,0.875,32.38683098655013,True
2023-12-18 15:30:00+05:30,FLAT,0.875,30.544888667438673,True
2023-12-19 15:30:00+05:30,FLAT,1.0,28.798596786703666,True
2023-12-20 15:30:00+05:30,FLAT,1.0,27.388717532477962,True
2023-12-21 15:30:00+05:30,FLAT,0.875,26.19723546607614,True
2023-12-22 15:30:00+05:30,FLAT,0.875,25.79552360969492,True
2023-12-25 15:30:00+05:30,FLAT,1.0,25.78472877824068,True
2023-12-26 15:30:00+05:30,FLAT,1.0,26.28592452503997,True
2023-12-27 15:30:00+05:30,FLAT,1.0,26.751320575639312,True
2023-12-28 15:30:00+05:30,FLAT,1.0,27.565698865509024,True
2023-12-29 15:30:00+05:30,FLAT,1.0,29.143019668699853,True
2024-01-01 15:30:00+05:30,FLAT,1.0,30.607674700234192,True
2024-01-02 15:30:00+05:30,FLAT,1.0,31.24197748352437,True
2024-01-03 15:30:00+05:30,FLAT,0.875,32.25751335380672,True
2024-01-04 15:30:00+05:30,FLAT,0.875,33.22600905564074,True
2024-01-05 15:30:00+05:30,FLAT,1.0,34.76880538032957,True
2024-01-08 15:30:00+05:30,FLAT,1.0,36.201401967540626,True
2024-01-09 15:30:00+05:30,FLAT,1.0,38.01801348422983,True
2024-01-10 15:30:00+05:30,FLAT,1.0,39.81303842023618,True
2024-01-11 15:30:00+05:30,FLAT,1.0,41.621164671947376,True
2024-01-12 15:30:00+05:30,FLAT,1.0,43.728027472462756,True
2024-01-15 15:30:00+05:30,FLAT,1.0,45.68440007294132,True
2024-01-16 15:30:00+05:30,FLAT,1.0,46.64083442258981,True
2024-01-17 15:30:00+05:30,FLAT,1.0,47.28722574096947,True
2024-01-18 15:30:00+05:30,FLAT,1.0,48.06219684257399,True
2024-01-19 15:30:00+05:30,FLAT,1.0,48.02417497777196,True
2024-01-22 15:30:00+05:30,FLAT,1.0,47.9888689604558,True
2024-01-23 15:30:00+05:30,FLAT,0.875,47.95608480151935,True
2024-01-24 15:30:00+05:30,FLAT,1.0,48.42229415061581,True
2024-01-25 15:30:00+05:30,FLAT,1.0,47.895997690176046,True
2024-01-26 15:30:00+05:30,FLAT,1.0,46.773574266262145,True
2024-01-29 15:30:00+05:30,FLAT,1.0,44.286831045191,True
2024-01-30 15:30:00+05:30,FLAT,1.0,41.48379859897095,True
2024-01-31 15:30:00+05:30,FLAT,1.0,38.88098275605233,True
2024-02-01 15:30:00+05:30,FLAT,1.0,36.52352462777501,True
2024-02-02 15:30:00+05:30,FLAT,1.0,34.334456365803206,True
2024-02-05 15:30:00+05:30,FLAT,0.875,32.38515399090058,True
2024-02-06 15:30:00+05:30,FLAT,1.0,31.00568537927923,True
2024-02-07 15:30:00+05:30,FLAT,0.875,29.36405549959336,True
2024-02-08 15:30:00+05:30,FLAT,1.0,28.040129632643982,True
2024-02-09 15:30:00+05:30,FLAT,1.0,27.649003250934264,True
2024-02-12 15:30:00+05:30,FLAT,1.0,27.783704056336585,True
2024-02-13 15:30:00+05:30,FLAT,1.0,28.461958771050146,True
2024-02-14 15:30:00+05:30,FLAT,1.0,29.425174293524385,True
2024-02-15 15:30:00+05:30,FLAT,1.0,31.364928510237494,True
2024-02-16 15:30:00+05:30,FLAT,1.0,33.22529665063536,True
2024-02-19 15:30:00+05:30,FLAT,1.0,34.95278135243337,True
2024-02-20 15:30:00+05:30,FLAT,1.0,35.840441581623494,True
2024-02-21 15:30:00+05:30,FLAT,0.875,35.652901621112086,True
2024-02-22 15:30:00+05:30,FLAT,1.0,34.37574507317359,True
2024-02-23 15:30:00+05:30,FLAT,1.0,32.56720631741955,True
2024-02-26 15:30:00+05:30,FLAT,1.0,30.887848901362222,True
2024-02-27 15:30:00+05:30,FLAT,1.0,29.803356074275232,True
2024-02-28 15:30:00+05:30,FLAT,1.0,29.031522485431367,True
2024-02-29 15:30:00+05:30,FLAT,1.0,28.068866674398183,True
2024-03-01 15:30:00+05:30,FLAT,1.0,27.687623207035067,True
2024-03-04 15:30:00+05:30,FLAT,0.875,28.02477485086058,True
2024-03-05 15:30:00+05:30,FLAT,0.875,28.3967053905462,True
2024-03-06 15:30:00+05:30,FLAT,0.875,28.33050274311856,True
2024-03-07 15:30:00+05:30,FLAT,0.875,28.55893381788938,True
2024-03-08 15:30:00+05:30,FLAT,0.75,29.077486670839853,True
2024-03-11 15:30:00+05:30,FLAT,0.75,28.54777652742508,True
2024-03-12 15:30:00+05:30,FLAT,0.75,28.055902822825647,True
2024-03-13 15:30:00+05:30,FLAT,0.75,28.022154535861922,True
2024-03-14 15:30:00+05:30,FLAT,0.75,27.796645623674433,True
2024-03-15 15:30:00+05:30,FLAT,0.75,27.587244490928907,True
2024-03-18 15:30:00+05:30,FLAT,0.75,26.317638488417575,True
2024-03-19 15:30:00+05:30,FLAT,0.875,25.53326752499663,True
2024-03-20 15:30:00+05:30,FLAT,0.875,26.052995000878813,True
2024-03-21 15:30:00+05:30,FLAT,0.875,26.535599085626554,True
2024-03-22 15:30:00+05:30,FLAT,0.875,27.412216561413487,True
2024-03-25 15:30:00+05:30,FLAT,0.875,26.29843433852833,True
2024-03-26 15:30:00+05:30,FLAT,0.75,24.444960203849803,True
2024-03-27 15:30:00+05:30,FLAT,0.75,22.763869071535215,True
2024-03-28 15:30:00+05:30,BULL,0.625,21.9239176416368,True
2024-03-29 15:30:00+05:30,BULL,0.875,20.99537709923508,True
2024-04-01 15:30:00+05:30,BULL,0.875,20.74584700307762,True
2024-04-02 15:30:00+05:30,BULL,0.875,20.514140485217126,True
2024-04-03 15:30:00+05:30,BULL,0.875,19.72629572150841,False
2024-04-04 15:30:00+05:30,BULL,0.875,18.994725583778887,False
2024-04-05 15:30:00+05:30,BULL,0.875,19.62022971733747,False
2024-04-08 15:30:00+05:30,BULL,0.875,20.201054984213297,True
2024-04-09 15:30:00+05:30,BULL,0.875,20.740392732026567,True
2024-04-10 15:30:00+05:30,BULL,1.0,22.377031909027412,True
2024-04-11 15:30:00+05:30,BULL,0.75,23.89676828767105,True
2024-04-12 15:30:00+05:30,BULL,0.75,24.15883762014462,True
2024-04-15 15:30:00+05:30,BULL,0.625,24.22126706809607,True
2024-04-16 15:30:00+05:30,BULL,0.625,23.991434971903526,True
2024-04-17 15:30:00+05:30,BULL,0.625,24.30123849228027,True
2024-04-18 15:30:00+05:30,BULL,0.625,24.888462335000245,True
2024-04-19 15:30:00+05:30,BULL,0.625,24.333616606094704,True
2024-04-22 15:30:00+05:30,BULL,0.625,23.818402714968133,True
2024-04-23 15:30:00+05:30,FLAT,0.5,23.33998981606489,True
2024-04-24 15:30:00+05:30,BULL,0.625,23.753256934199857,True
2024-04-25 15:30:00+05:30,FLAT,0.5,24.13700497246804,True
2024-04-26 15:30:00+05:30,BULL,0.625,24.02036566643992,True
2024-04-29 15:30:00+05:30,BULL,1.0,24.216036256458786,True
2024-04-30 15:30:00+05:30,BULL,1.0,25.07418341124844,True
2024-05-01 15:30:00+05:30,BULL,1.0,26.271148809498687,True
2024-05-02 15:30:00+05:30,BULL,1.0,26.467895864561875,True
2024-05-03 15:30:00+05:30,BULL,1.0,26.650589558549118,True
2024-05-06 15:30:00+05:30,BULL,0.875,26.820233702965844,True
2024-05-07 15:30:00+05:30,BULL,0.75,26.977760408495662,True
2024-05-08 15:30:00+05:30,BULL,0.875,26.187982429842016,True
2024-05-09 15:30:00+05:30,BULL,0.875,25.454617163949347,True
2024-05-10 15:30:00+05:30,BULL,0.75,24.773635131334725,True
2024-05-13 15:30:00+05:30,BULL,0.875,23.18730059044338,True
2024-05-14 15:30:00+05:30,BULL,0.75,21.714275659615705,True
2024-05-15 15:30:00+05:30,BULL,0.875,20.576632308629513,True
2024-05-16 15:30:00+05:30,BULL,0.875,19.52024919699948,False
2024-05-17 15:30:00+05:30,BULL,0.875,19.918664552406522,False
2024-05-20 15:30:00+05:30,BULL,0.875,20.47271306138315,True
2024-05-21 15:30:00+05:30,BULL,0.875,20.98718667686145,True
2024-05-22 15:30:00+05:30,BULL,0.875,22.323966674055278,True
2024-05-23 15:30:00+05:30,BULL,0.75,22.974011991479223,True
2024-05-24 15:30:00+05:30,BULL,0.875,23.685948820381466,True
2024-05-27 15:30:00+05:30,BULL,0.875,24.947231488111754,True
2024-05-28 15:30:00+05:30,BULL,0.875,25.16529568664864,True
2024-05-29 15:30:00+05:30,BULL,0.875,26.416364763477777,True
2024-05-30 15:30:00+05:30,BULL,0.75,27.578071763390543,True
2024-05-31 15:30:00+05:30,BULL,0.875,26.434310540390907,True
2024-06-03 15:30:00+05:30,BULL,1.0,25.559206147807625,True
2024-06-04 15:30:00+05:30,BULL,1.0,26.142798680386026,True
2024-06-05 15:30:00+05:30,BULL,0.875,26.836226590774338,True
2024-06-06 15:30:00+05:30,BULL,0.875,25.850349017276248,True
2024-06-07 15:30:00+05:30,BULL,0.875,24.729873111377437,True
2024-06-10 15:30:00+05:30,BULL,0.875,23.538688121746713,True
2024-06-11 15:30:00+05:30,BULL,0.875,22.35409726674768,True
2024-06-12 15:30:00+05:30,BULL,0.875,21.95078939738187,True
2024-06-13 15:30:00+05:30,BULL,0.75,21.576289232970765,True
2024-06-14 15:30:00+05:30,BULL,0.875,21.531013984227847,True
2024-06-17 15:30:00+05:30,BULL,0.75,21.618966608756317,True
2024-06-18 15:30:00+05:30,BULL,0.75,21.943169001619037,True
2024-06-19 15:30:00+05:30,BULL,0.875,23.212019873804845,True
2024-06-20 15:30:00+05:30,BULL,0.875,24.684621738526857,True
2024-06-21 15:30:00+05:30,BULL,0.875,26.240687864948885,True
2024-06-24 15:30:00+05:30,BULL,0.875,27.685606410912197,True
2024-06-25 15:30:00+05:30,BULL,0.875,29.49155129555994,True
2024-06-26 15:30:00+05:30,BULL,0.875,30.668820075365733,True
2024-06-27 15:30:00+05:30,BULL,0.875,31.76199822804254,True
2024-06-28 15:30:00+05:30,BULL,0.875,32.64523902935146,True
