timestamp,equity,exposure,positions,turnover,sector_exposure,strategy_exposure,drawdown,rolling_sharpe_60,rolling_drawdown_60,capital_utilization
2022-01-03 00:00:00+05:30,150000.0,0.0,0.0,0.0,{},{},0.0,,0.0,0.0
2022-01-04 00:00:00+05:30,150000.0,0.0,0.0,0.0,{},{},0.0,,0.0,0.0
2022-01-05 00:00:00+05:30,150000.0,0.0,0.0,0.0,{},{},0.0,,0.0,0.0
2022-01-06 00:00:00+05:30,150000.0,0.0,0.0,0.0,{},{},0.0,,0.0,0.0
2022-01-07 00:00:00+05:30,150000.0,0.0,0.0,0.0,{},{},0.0,,0.0,0.0
2022-01-10 00:00:00+05:30,150000.0,0.0,0.0,0.0,{},{},0.0,,0.0,0.0
2022-01-11 00:00:00+05:30,150000.0,0.0,0.0,0.0,{},{},0.0,,0.0,0.0
2022-01-12 00:00:00+05:30,150000.0,0.0,0.0,0.0,{},{},0.0,,0.0,0.0
2022-01-13 00:00:00+05:30,150000.0,0.0,0.0,0.0,{},{},0.0,,0.0,0.0
2022-01-14 00:00:00+05:30,150000.0,0.0,0.0,0.0,{},{},0.0,,0.0,0.0
2022-01-17 00:00:00+05:30,150000.0,0.0,0.0,0.0,{},{},0.0,,0.0,0.0
2022-01-18 00:00:00+05:30,150000.0,0.0,0.0,0.0,{},{},0.0,,0.0,0.0
2022-01-19 00:00:00+05:30,150000.0,0.0,0.0,0.0,{},{},0.0,,0.0,0.0
2022-01-20 00:00:00+05:30,150000.0,0.0,0.0,0.0,{},{},0.0,,0.0,0.0
2022-01-21 00:00:00+05:30,150000.0,0.0,0.0,0.0,{},{},0.0,,0.0,0.0
2022-01-24 00:00:00+05:30,150000.0,0.0,0.0,0.0,{},{},0.0,,0.0,0.0
2022-01-25 00:00:00+05:30,150000.0,0.0,0.0,0.0,{},{},0.0,,0.0,0.0
2022-01-26 00:00:00+05:30,150000.0,0.0,0.0,0.0,{},{},0.0,,0.0,0.0
2022-01-27 00:00:00+05:30,150000.0,0.0,0.0,0.0,{},{},0.0,,0.0,0.0
2022-01-28 00:00:00+05:30,150000.0,0.0,0.0,0.0,{},{},0.0,,0.0,0.0
2022-01-31 00:00:00+05:30,150000.0,0.0,0.0,0.0,{},{},0.0,,0.0,0.0
2022-02-01 00:00:00+05:30,150000.0,0.0,0.0,0.0,{},{},0.0,,0.0,0.0
2022-02-02 00:00:00+05:30,150000.0,0.0,0.0,0.0,{},{},0.0,,0.0,0.0
2022-02-03 00:00:00+05:30,150000.0,0.0,0.0,0.0,{},{},0.0,,0.0,0.0
2022-02-04 00:00:00+05:30,150000.0,0.0,0.0,0.0,{},{},0.0,,0.0,0.0
2022-02-07 00:00:00+05:30,150000.0,0.0,0.0,0.0,{},{},0.0,,0.0,0.0
2022-02-08 00:00:00+05:30,150000.0,0.0,0.0,0.0,{},{},0.0,,0.0,0.0
2022-02-09 00:00:00+05:30,150000.0,0.0,0.0,0.0,{},{},0.0,,0.0,0.0
2022-02-10 00:00:00+05:30,150000.0,0.0,0.0,0.0,{},{},0.0,,0.0,0.0
2022-02-11 00:00:00+05:30,150000.0,0.0,0.0,0.0,{},{},0.0,,0.0,0.0
2022-02-14 00:00:00+05:30,150000.0,0.0,0.0,0.0,{},{},0.0,,0.0,0.0
2022-02-15 00:00:00+05:30,150000.0,0.0,0.0,0.0,{},{},0.0,,0.0,0.0
2022-02-16 00:00:00+05:30,150000.0,0.0,0.0,0.0,{},{},0.0,,0.0,0.0
2022-02-17 00:00:00+05:30,150000.0,0.0,0.0,0.0,{},{},0.0,,0.0,0.0
2022-02-18 00:00:00+05:30,150000.0,0.0,0.0,0.0,{},{},0.0,,0.0,0.0
2022-02-21 00:00:00+05:30,150000.0,0.0,0.0,0.0,{},{},0.0,,0.0,0.0
2022-02-22 00:00:00+05:30,150000.0,0.0,0.0,0.0,{},{},0.0,,0.0,0.0
2022-02-23 00:00:00+05:30,150000.0,0.0,0.0,0.0,{},{},0.0,,0.0,0.0
2022-02-24 00:00:00+05:30,150000.0,0.0,0.0,0.0,{},{},0.0,,0.0,0.0
2022-02-25 00:00:00+05:30,150000.0,0.0,0.0,0.0,{},{},0.0,,0.0,0.0
2022-02-28 00:00:00+05:30,150000.0,0.0,0.0,0.0,{},{},0.0,,0.0,0.0
2022-03-01 00:00:00+05:30,150000.0,0.0,0.0,0.0,{},{},0.0,,0.0,0.0
2022-03-02 00:00:00+05:30,150000.0,0.0,0.0,0.0,{},{},0.0,,0.0,0.0
2022-03-03 00:00:00+05:30,150000.0,0.0,0.0,0.0,{},{},0.0,,0.0,0.0
2022-03-04 00:00:00+05:30,150000.0,0.0,0.0,0.0,{},{},0.0,,0.0,0.0
2022-03-07 00:00:00+05:30,150000.0,0.0,0.0,0.0,{},{},0.0,,0.0,0.0
2022-03-08 00:00:00+05:30,150000.0,0.0,0.0,0.0,{},{},0.0,,0.0,0.0
2022-03-09 00:00:00+05:30,150000.0,0.0,0.0,0.0,{},{},0.0,,0.0,0.0
2022-03-10 00:00:00+05:30,150000.0,0.0,0.0,0.0,{},{},0.0,,0.0,0.0
2022-03-11 00:00:00+05:30,150000.0,0.0,0.0,0.0,{},{},0.0,,0.0,0.0
2022-03-14 00:00:00+05:30,150000.0,0.0,0.0,0.0,{},{},0.0,,0.0,0.0
2022-03-15 00:00:00+05:30,150000.0,0.0,0.0,0.0,{},{},0.0,,0.0,0.0
2022-03-16 00:00:00+05:30,150000.0,0.0,0.0,0.0,{},{},0.0,,0.0,0.0
2022-03-17 00:00:00+05:30,150000.0,0.0,0.0,0.0,{},{},0.0,,0.0,0.0
2022-03-18 00:00:00+05:30,150000.0,0.0,0.0,0.0,{},{},0.0,,0.0,0.0
2022-03-21 00:00:00+05:30,150000.0,0.0,0.0,0.0,{},{},0.0,,0.0,0.0
2022-03-22 00:00:00+05:30,150000.0,0.0,0.0,0.0,{},{},0.0,,0.0,0.0
2022-03-23 00:00:00+05:30,150000.0,0.0,0.0,0.0,{},{},0.0,,0.0,0.0
2022-03-24 00:00:00+05:30,150000.0,0.0,0.0,0.0,{},{},0.0,,0.0,0.0
2022-03-25 00:00:00+05:30,150000.0,0.0,0.0,0.0,{},{},0.0,,0.0,0.0
2022-03-28 00:00:00+05:30,150000.0,0.0,0.0,0.0,{},{},0.0,,0.0,0.0
2022-03-29 00:00:00+05:30,150000.0,0.0,0.0,0.0,{},{},0.0,,0.0,0.0
2022-03-30 00:00:00+05:30,150000.0,0.0,0.0,0.0,{},{},0.0,,0.0,0.0
2022-03-31 00:00:00+05:30,150000.0,0.0,0.0,0.0,{},{},0.0,,0.0,0.0
2022-04-01 00:00:00+05:30,150000.0,0.0,0.0,0.0,{},{},0.0,,0.0,0.0
2022-04-04 00:00:00+05:30,150000.0,0.0,0.0,0.0,{},{},0.0,,0.0,0.0
2022-04-05 00:00:00+05:30,150000.0,0.0,0.0,0.0,{},{},0.0,,0.0,0.0
2022-04-06 00:00:00+05:30,150000.0,0.0,0.0,0.0,{},{},0.0,,0.0,0.0
2022-04-07 00:00:00+05:30,150000.0,0.0,0.0,0.0,{},{},0.0,,0.0,0.0
2022-04-08 00:00:00+05:30,150000.0,0.0,0.0,0.0,{},{},0.0,,0.0,0.0
2022-04-11 00:00:00+05:30,150000.0,0.0,0.0,0.0,{},{},0.0,,0.0,0.0
2022-04-12 00:00:00+05:30,150000.0,0.0,0.0,0.0,{},{},0.0,,0.0,0.0
2022-04-13 00:00:00+05:30,150000.0,0.0,0.0,0.0,{},{},0.0,,0.0,0.0
2022-04-14 00:00:00+05:30,150000.0,0.0,0.0,0.0,{},{},0.0,,0.0,0.0
2022-04-15 00:00:00+05:30,150000.0,0.0,0.0,0.0,{},{},0.0,,0.0,0.0
2022-04-18 00:00:00+05:30,150000.0,0.0,0.0,0.0,{},{},0.0,,0.0,0.0
2022-04-19 00:00:00+05:30,150000.0,0.0,0.0,0.0,{},{},0.0,,0.0,0.0
2022-04-20 00:00:00+05:30,150000.0,0.0,0.0,0.0,{},{},0.0,,0.0,0.0
2022-04-21 00:00:00+05:30,150000.0,0.0,0.0,0.0,{},{},0.0,,0.0,0.0
2022-04-22 00:00:00+05:30,150000.0,0.0,0.0,0.0,{},{},0.0,,0.0,0.0
2022-04-25 00:00:00+05:30,150000.0,0.0,0.0,0.0,{},{},0.0,,0.0,0.0
2022-04-26 00:00:00+05:30,150000.0,0.0,0.0,0.0,{},{},0.0,,0.0,0.0
2022-04-27 00:00:00+05:30,150000.0,0.0,0.0,0.0,{},{},0.0,,0.0,0.0
2022-04-28 00:00:00+05:30,150000.0,0.0,0.0,0.0,{},{},0.0,,0.0,0.0
2022-04-29 00:00:00+05:30,150000.0,0.0,0.0,0.0,{},{},0.0,,0.0,0.0
2022-05-02 00:00:00+05:30,150000.0,0.0,0.0,0.0,{},{},0.0,,0.0,0.0
2022-05-03 00:00:00+05:30,150000.0,0.0,0.0,0.0,{},{},0.0,,0.0,0.0
2022-05-04 00:00:00+05:30,150000.0,0.0,0.0,0.0,{},{},0.0,,0.0,0.0
2022-05-05 00:00:00+05:30,150000.0,0.0,0.0,0.0,{},{},0.0,,0.0,0.0
2022-05-06 00:00:00+05:30,150000.0,0.0,0.0,0.0,{},{},0.0,,0.0,0.0
2022-05-09 00:00:00+05:30,150000.0,0.0,0.0,0.0,{},{},0.0,,0.0,0.0
2022-05-10 00:00:00+05:30,150000.0,0.0,0.0,0.0,{},{},0.0,,0.0,0.0
2022-05-11 00:00:00+05:30,150000.0,0.0,0.0,0.0,{},{},0.0,,0.0,0.0
2022-05-12 00:00:00+05:30,150000.0,0.0,0.0,0.0,{},{},0.0,,0.0,0.0
2022-05-13 00:00:00+05:30,150000.0,0.0,0.0,0.0,{},{},0.0,,0.0,0.0
2022-05-16 00:00:00+05:30,150000.0,0.0,0.0,0.0,{},{},0.0,,0.0,0.0
2022-05-17 00:00:00+05:30,150000.0,0.0,0.0,0.0,{},{},0.0,,0.0,0.0
2022-05-18 00:00:00+05:30,150000.0,0.0,0.0,0.0,{},{},0.0,,0.0,0.0
2022-05-19 00:00:00+05:30,150000.0,0.0,0.0,0.0,{},{},0.0,,0.0,0.0
2022-05-20 00:00:00+05:30,150000.0,0.0,0.0,0.0,{},{},0.0,,0.0,0.0
2022-05-23 00:00:00+05:30,150000.0,0.0,0.0,0.0,{},{},0.0,,0.0,0.0
2022-05-24 00:00:00+05:30,150000.0,0.0,0.0,0.0,{},{},0.0,,0.0,0.0
2022-05-25 00:00:00+05:30,150000.0,0.0,0.0,0.0,{},{},0.0,,0.0,0.0
2022-05-26 00:00:00+05:30,150000.0,0.0,0.0,0.0,{},{},0.0,,0.0,0.0
2022-05-27 00:00:00+05:30,150000.0,0.0,0.0,0.0,{},{},0.0,,0.0,0.0
2022-05-30 00:00:00+05:30,150000.0,0.0,0.0,0.0,{},{},0.0,,0.0,0.0
2022-05-31 00:00:00+05:30,150000.0,0.0,0.0,0.0,{},{},0.0,,0.0,0.0
2022-06-01 00:00:00+05:30,150000.0,0.0,0.0,0.0,{},{},0.0,,0.0,0.0
2022-06-02 00:00:00+05:30,150000.0,0.0,0.0,0.0,{},{},0.0,,0.0,0.0
2022-06-03 00:00:00+05:30,150000.0,0.0,0.0,0.0,{},{},0.0,,0.0,0.0
2022-06-06 00:00:00+05:30,150000.0,0.0,0.0,0.0,{},{},0.0,,0.0,0.0
2022-06-07 00:00:00+05:30,150000.0,0.0,0.0,0.0,{},{},0.0,,0.0,0.0
2022-06-08 00:00:00+05:30,150000.0,0.0,0.0,0.0,{},{},0.0,,0.0,0.0
2022-06-09 00:00:00+05:30,150000.0,0.0,0.0,0.0,{},{},0.0,,0.0,0.0
2022-06-10 00:00:00+05:30,150000.0,0.0,0.0,0.0,{},{},0.0,,0.0,0.0
2022-06-13 00:00:00+05:30,150000.0,0.0,0.0,0.0,{},{},0.0,,0.0,0.0
2022-06-14 00:00:00+05:30,150000.0,0.0,0.0,0.0,{},{},0.0,,0.0,0.0
2022-06-15 00:00:00+05:30,150000.0,0.0,0.0,0.0,{},{},0.0,,0.0,0.0
2022-06-16 00:00:00+05:30,150000.0,0.0,0.0,0.0,{},{},0.0,,0.0,0.0
2022-06-17 00:00:00+05:30,150000.0,0.0,0.0,0.0,{},{},0.0,,0.0,0.0
2022-06-20 00:00:00+05:30,150000.0,0.0,0.0,0.0,{},{},0.0,,0.0,0.0
2022-06-21 00:00:00+05:30,150000.0,0.0,0.0,0.0,{},{},0.0,,0.0,0.0
2022-06-22 00:00:00+05:30,150000.0,0.0,0.0,0.0,{},{},0.0,,0.0,0.0
2022-06-23 00:00:00+05:30,150000.0,0.0,0.0,0.0,{},{},0.0,,0.0,0.0
2022-06-24 00:00:00+05:30,150000.0,0.0,0.0,0.0,{},{},0.0,,0.0,0.0
2022-06-27 00:00:00+05:30,150000.0,0.0,0.0,0.0,{},{},0.0,,0.0,0.0
2022-06-28 00:00:00+05:30,150000.0,0.0,0.0,0.0,{},{},0.0,,0.0,0.0
2022-06-29 00:00:00+05:30,150000.0,0.0,0.0,0.0,{},{},0.0,,0.0,0.0
2022-06-30 00:00:00+05:30,150000.0,0.0,0.0,0.0,{},{},0.0,,0.0,0.0
2022-07-01 00:00:00+05:30,150000.0,0.0,0.0,0.0,{},{},0.0,,0.0,0.0
2022-07-04 00:00:00+05:30,150000.0,0.0,0.0,0.0,{},{},0.0,,0.0,0.0
2022-07-05 00:00:00+05:30,150000.0,0.0,0.0,0.0,{},{},0.0,,0.0,0.0
2022-07-06 00:00:00+05:30,150000.0,0.0,0.0,0.0,{},{},0.0,,0.0,0.0
2022-07-07 00:00:00+05:30,150000.0,0.0,0.0,0.0,{},{},0.0,,0.0,0.0
2022-07-08 00:00:00+05:30,150000.0,0.0,0.0,0.0,{},{},0.0,,0.0,0.0
2022-07-11 00:00:00+05:30,150000.0,0.0,0.0,0.0,{},{},0.0,,0.0,0.0
2022-07-12 00:00:00+05:30,150000.0,0.0,0.0,0.0,{},{},0.0,,0.0,0.0
2022-07-13 00:00:00+05:30,150000.0,0.0,0.0,0.0,{},{},0.0,,0.0,0.0
2022-07-14 00:00:00+05:30,150000.0,0.0,0.0,0.0,{},{},0.0,,0.0,0.0
2022-07-15 00:00:00+05:30,150000.0,0.0,0.0,0.0,{},{},0.0,,0.0,0.0
2022-07-18 00:00:00+05:30,150000.0,0.0,0.0,0.0,{},{},0.0,,0.0,0.0
2022-07-19 00:00:00+05:30,150000.0,0.0,0.0,0.0,{},{},0.0,,0.0,0.0
2022-07-20 00:00:00+05:30,150000.0,0.0,0.0,0.0,{},{},0.0,,0.0,0.0
2022-07-21 00:00:00+05:30,150000.0,0.0,0.0,0.0,{},{},0.0,,0.0,0.0
2022-07-22 00:00:00+05:30,150000.0,0.0,0.0,0.0,{},{},0.0,,0.0,0.0
2022-07-25 00:00:00+05:30,150000.0,0.0,0.0,0.0,{},{},0.0,,0.0,0.0
2022-07-26 00:00:00+05:30,150000.0,0.0,0.0,0.0,{},{},0.0,,0.0,0.0
2022-07-27 00:00:00+05:30,150000.0,0.0,0.0,0.0,{},{},0.0,,0.0,0.0
2022-07-28 00:00:00+05:30,150000.0,0.0,0.0,0.0,{},{},0.0,,0.0,0.0
2022-07-29 00:00:00+05:30,150000.0,0.0,0.0,0.0,{},{},0.0,,0.0,0.0
2022-08-01 00:00:00+05:30,150000.0,0.0,0.0,0.0,{},{},0.0,,0.0,0.0
2022-08-02 00:00:00+05:30,150000.0,0.0,0.0,0.0,{},{},0.0,,0.0,0.0
2022-08-03 00:00:00+05:30,150000.0,0.0,0.0,0.0,{},{},0.0,,0.0,0.0
2022-08-04 00:00:00+05:30,150000.0,0.0,0.0,0.0,{},{},0.0,,0.0,0.0
2022-08-05 00:00:00+05:30,150000.0,0.0,0.0,0.0,{},{},0.0,,0.0,0.0
2022-08-08 00:00:00+05:30,150000.0,0.0,0.0,0.0,{},{},0.0,,0.0,0.0
2022-08-09 00:00:00+05:30,150000.0,0.0,0.0,0.0,{},{},0.0,,0.0,0.0
2022-08-10 00:00:00+05:30,150000.0,0.0,0.0,0.0,{},{},0.0,,0.0,0.0
2022-08-11 00:00:00+05:30,150000.0,0.0,0.0,0.0,{},{},0.0,,0.0,0.0
2022-08-12 00:00:00+05:30,150000.0,0.0,0.0,0.0,{},{},0.0,,0.0,0.0
2022-08-15 00:00:00+05:30,150000.0,0.0,0.0,0.0,{},{},0.0,,0.0,0.0
2022-08-16 00:00:00+05:30,150000.0,0.0,0.0,0.0,{},{},0.0,,0.0,0.0
2022-08-17 00:00:00+05:30,150000.0,0.0,0.0,0.0,{},{},0.0,,0.0,0.0
2022-08-18 00:00:00+05:30,150000.0,0.0,0.0,0.0,{},{},0.0,,0.0,0.0
2022-08-19 00:00:00+05:30,150000.0,0.0,0.0,0.0,{},{},0.0,,0.0,0.0
2022-08-22 00:00:00+05:30,150000.0,0.0,0.0,0.0,{},{},0.0,,0.0,0.0
2022-08-23 00:00:00+05:30,150000.0,0.0,0.0,0.0,{},{},0.0,,0.0,0.0
2022-08-24 00:00:00+05:30,150000.0,0.0,0.0,0.0,{},{},0.0,,0.0,0.0
2022-08-25 00:00:00+05:30,150000.0,0.0,0.0,0.0,{},{},0.0,,0.0,0.0
2022-08-26 00:00:00+05:30,150000.0,0.0,0.0,0.0,{},{},0.0,,0.0,0.0
2022-08-29 00:00:00+05:30,150000.0,0.0,0.0,0.0,{},{},0.0,,0.0,0.0
2022-08-30 00:00:00+05:30,150000.0,0.0,0.0,0.0,{},{},0.0,,0.0,0.0
2022-08-31 00:00:00+05:30,150000.0,0.0,0.0,0.0,{},{},0.0,,0.0,0.0
2022-09-01 00:00:00+05:30,150000.0,0.0,0.0,0.0,{},{},0.0,,0.0,0.0
2022-09-02 00:00:00+05:30,150000.0,0.0,0.0,0.0,{},{},0.0,,0.0,0.0
2022-09-05 00:00:00+05:30,150000.0,0.0,0.0,0.0,{},{},0.0,,0.0,0.0
2022-09-06 00:00:00+05:30,150000.0,0.0,0.0,0.0,{},{},0.0,,0.0,0.0
2022-09-07 00:00:00+05:30,150000.0,0.0,0.0,0.0,{},{},0.0,,0.0,0.0
2022-09-08 00:00:00+05:30,150000.0,0.0,0.0,0.0,{},{},0.0,,0.0,0.0
2022-09-09 00:00:00+05:30,150000.0,0.0,0.0,0.0,{},{},0.0,,0.0,0.0
2022-09-12 00:00:00+05:30,150000.0,0.0,0.0,0.0,{},{},0.0,,0.0,0.0
2022-09-13 00:00:00+05:30,150000.0,0.0,0.0,0.0,{},{},0.0,,0.0,0.0
2022-09-14 00:00:00+05:30,150000.0,0.0,0.0,0.0,{},{},0.0,,0.0,0.0
2022-09-15 00:00:00+05:30,150000.0,0.0,0.0,0.0,{},{},0.0,,0.0,0.0
2022-09-16 00:00:00+05:30,150000.0,0.0,0.0,0.0,{},{},0.0,,0.0,0.0
2022-09-19 00:00:00+05:30,150000.0,0.0,0.0,0.0,{},{},0.0,,0.0,0.0
2022-09-20 00:00:00+05:30,150000.0,0.0,0.0,0.0,{},{},0.0,,0.0,0.0
2022-09-21 00:00:00+05:30,150000.0,0.0,0.0,0.0,{},{},0.0,,0.0,0.0
2022-09-22 00:00:00+05:30,150000.0,0.0,0.0,0.0,{},{},0.0,,0.0,0.0
2022-09-23 00:00:00+05:30,150000.0,0.0,0.0,0.0,{},{},0.0,,0.0,0.0
2022-09-26 00:00:00+05:30,150000.0,0.0,0.0,0.0,{},{},0.0,,0.0,0.0
2022-09-27 00:00:00+05:30,150000.0,0.0,0.0,0.0,{},{},0.0,,0.0,0.0
2022-09-28 00:00:00+05:30,150000.0,0.0,0.0,0.0,{},{},0.0,,0.0,0.0
2022-09-29 00:00:00+05:30,150000.0,0.0,0.0,0.0,{},{},0.0,,0.0,0.0
2022-09-30 00:00:00+05:30,150000.0,0.0,0.0,0.0,{},{},0.0,,0.0,0.0
2022-10-03 00:00:00+05:30,150000.0,0.0,0.0,0.0,{},{},0.0,,0.0,0.0
2022-10-04 00:00:00+05:30,150000.0,0.0,0.0,0.0,{},{},0.0,,0.0,0.0
2022-10-05 00:00:00+05:30,150000.0,0.0,0.0,0.0,{},{},0.0,,0.0,0.0
2022-10-06 00:00:00+05:30,150000.0,0.0,0.0,0.0,{},{},0.0,,0.0,0.0
2022-10-07 00:00:00+05:30,150000.0,0.0,0.0,0.0,{},{},0.0,,0.0,0.0
2022-10-10 00:00:00+05:30,150000.0,0.0,0.0,0.0,{},{},0.0,,0.0,0.0
2022-10-11 00:00:00+05:30,150018.130254047,19283.221341592503,1.0,19242.26541201488,{'Consumer': 19283.221341592503},{'volatility_breakout': 19283.221341592503},0.0,2.04939015319192,0.0,0.12853927261283346
2022-10-12 00:00:00+05:30,149913.3070190292,19178.39810657468,1.0,0.0,{'Consumer': 19178.39810657468},{'volatility_breakout': 19178.39810657468},-0.0006987371115764196,-1.665347900994497,-0.0006987371115764196,0.12792992488745697
2022-10-13 00:00:00+05:30,149909.18629850273,19174.277386048223,1.0,0.0,{'Consumer': 19174.277386048223},{'volatility_breakout': 19174.277386048223},-0.0007262052617225123,-1.7441887702711623,-0.0007262052617225123,0.12790595332742283
2022-10-14 00:00:00+05:30,149793.43499618885,19058.526083734345,1.0,0.0,{'Consumer': 19058.526083734345},{'volatility_breakout': 19058.526083734345},-0.0014977873506197836,-2.708597869149158,-0.0014977873506197836,0.12723205182002298
2022-10-17 00:00:00+05:30,149714.10394354098,18979.19503108647,1.0,0.0,{'Consumer': 18979.19503108647},{'volatility_breakout': 18979.19503108647},-0.00202659711856934,-3.373782705524694,-0.00202659711856934,0.12676958637272917
2022-10-18 00:00:00+05:30,149695.47275681654,18960.563844362034,1.0,0.0,{'Consumer': 18960.563844362034},{'volatility_breakout': 18960.563844362034},-0.0021507900190733675,-3.584011014563104,-0.0021507900190733675,0.12666090360103188
2022-10-19 00:00:00+05:30,149510.09860678687,18775.18969433238,1.0,0.0,{'Consumer': 18775.18969433238},{'volatility_breakout': 18775.18969433238},-0.0033864683315263377,-4.006436668773551,-0.0033864683315263377,0.1255780704399863
2022-10-20 00:00:00+05:30,149472.682453168,0.0,0.0,18757.21024966167,{},{},-0.003635879209768156,-4.286421165108758,-0.003635879209768156,0.0
2022-10-21 00:00:00+05:30,149472.682453168,0.0,0.0,0.0,{},{},-0.003635879209768156,-4.286421165108758,-0.003635879209768156,0.0
2022-10-24 00:00:00+05:30,149472.682453168,0.0,0.0,0.0,{},{},-0.003635879209768156,-4.286421165108758,-0.003635879209768156,0.0
2022-10-25 00:00:00+05:30,149472.682453168,0.0,0.0,0.0,{},{},-0.003635879209768156,-4.286421165108758,-0.003635879209768156,0.0
2022-10-26 00:00:00+05:30,149472.682453168,0.0,0.0,0.0,{},{},-0.003635879209768156,-4.286421165108758,-0.003635879209768156,0.0
2022-10-27 00:00:00+05:30,149472.682453168,0.0,0.0,0.0,{},{},-0.003635879209768156,-4.286421165108758,-0.003635879209768156,0.0
2022-10-28 00:00:00+05:30,149472.682453168,0.0,0.0,0.0,{},{},-0.003635879209768156,-4.286421165108758,-0.003635879209768156,0.0
2022-10-31 00:00:00+05:30,149472.682453168,0.0,0.0,0.0,{},{},-0.003635879209768156,-4.286421165108758,-0.003635879209768156,0.0
2022-11-01 00:00:00+05:30,149472.682453168,0.0,0.0,0.0,{},{},-0.003635879209768156,-4.286421165108758,-0.003635879209768156,0.0
2022-11-02 00:00:00+05:30,149472.682453168,0.0,0.0,0.0,{},{},-0.003635879209768156,-4.286421165108758,-0.003635879209768156,0.0
2022-11-03 00:00:00+05:30,149472.682453168,0.0,0.0,0.0,{},{},-0.003635879209768156,-4.286421165108758,-0.003635879209768156,0.0
2022-11-04 00:00:00+05:30,149472.682453168,0.0,0.0,0.0,{},{},-0.003635879209768156,-4.286421165108758,-0.003635879209768156,0.0
2022-11-07 00:00:00+05:30,149472.682453168,0.0,0.0,0.0,{},{},-0.003635879209768156,-4.286421165108758,-0.003635879209768156,0.0
2022-11-08 00:00:00+05:30,149472.682453168,0.0,0.0,0.0,{},{},-0.003635879209768156,-4.286421165108758,-0.003635879209768156,0.0
2022-11-09 00:00:00+05:30,149472.682453168,0.0,0.0,0.0,{},{},-0.003635879209768156,-4.286421165108758,-0.003635879209768156,0.0
2022-11-10 00:00:00+05:30,149472.682453168,0.0,0.0,0.0,{},{},-0.003635879209768156,-4.286421165108758,-0.003635879209768156,0.0
2022-11-11 00:00:00+05:30,149472.682453168,0.0,0.0,0.0,{},{},-0.003635879209768156,-4.286421165108758,-0.003635879209768156,0.0
2022-11-14 00:00:00+05:30,149472.682453168,0.0,0.0,0.0,{},{},-0.003635879209768156,-4.286421165108758,-0.003635879209768156,0.0
2022-11-15 00:00:00+05:30,149472.682453168,0.0,0.0,0.0,{},{},-0.003635879209768156,-4.286421165108758,-0.003635879209768156,0.0
2022-11-16 00:00:00+05:30,149472.682453168,0.0,0.0,0.0,{},{},-0.003635879209768156,-4.286421165108758,-0.003635879209768156,0.0
2022-11-17 00:00:00+05:30,149472.682453168,0.0,0.0,0.0,{},{},-0.003635879209768156,-4.286421165108758,-0.003635879209768156,0.0
2022-11-18 00:00:00+05:30,149472.682453168,0.0,0.0,0.0,{},{},-0.003635879209768156,-4.286421165108758,-0.003635879209768156,0.0
2022-11-21 00:00:00+05:30,149472.682453168,0.0,0.0,0.0,{},{},-0.003635879209768156,-4.286421165108758,-0.003635879209768156,0.0
2022-11-22 00:00:00+05:30,149472.682453168,0.0,0.0,0.0,{},{},-0.003635879209768156,-4.286421165108758,-0.003635879209768156,0.0
2022-11-23 00:00:00+05:30,149472.682453168,0.0,0.0,0.0,{},{},-0.003635879209768156,-4.286421165108758,-0.003635879209768156,0.0
2022-11-24 00:00:00+05:30,149472.682453168,0.0,0.0,0.0,{},{},-0.003635879209768156,-4.286421165108758,-0.003635879209768156,0.0
2022-11-25 00:00:00+05:30,149472.682453168,0.0,0.0,0.0,{},{},-0.003635879209768156,-4.286421165108758,-0.003635879209768156,0.0
2022-11-28 00:00:00+05:30,149472.682453168,0.0,0.0,0.0,{},{},-0.003635879209768156,-4.286421165108758,-0.003635879209768156,0.0
2022-11-29 00:00:00+05:30,149472.682453168,0.0,0.0,0.0,{},{},-0.003635879209768156,-4.286421165108758,-0.003635879209768156,0.0
2022-11-30 00:00:00+05:30,149472.682453168,0.0,0.0,0.0,{},{},-0.003635879209768156,-4.286421165108758,-0.003635879209768156,0.0
2022-12-01 00:00:00+05:30,149472.682453168,0.0,0.0,0.0,{},{},-0.003635879209768156,-4.286421165108758,-0.003635879209768156,0.0
2022-12-02 00:00:00+05:30,149472.682453168,0.0,0.0,0.0,{},{},-0.003635879209768156,-4.286421165108758,-0.003635879209768156,0.0
2022-12-05 00:00:00+05:30,149472.682453168,0.0,0.0,0.0,{},{},-0.003635879209768156,-4.286421165108758,-0.003635879209768156,0.0
2022-12-06 00:00:00+05:30,149472.682453168,0.0,0.0,0.0,{},{},-0.003635879209768156,-4.286421165108758,-0.003635879209768156,0.0
2022-12-07 00:00:00+05:30,149472.682453168,0.0,0.0,0.0,{},{},-0.003635879209768156,-4.286421165108758,-0.003635879209768156,0.0
2022-12-08 00:00:00+05:30,149472.682453168,0.0,0.0,0.0,{},{},-0.003635879209768156,-4.286421165108758,-0.003635879209768156,0.0
2022-12-09 00:00:00+05:30,149472.682453168,0.0,0.0,0.0,{},{},-0.003635879209768156,-4.286421165108758,-0.003635879209768156,0.0
2022-12-12 00:00:00+05:30,149472.682453168,0.0,0.0,0.0,{},{},-0.003635879209768156,-4.286421165108758,-0.003635879209768156,0.0
2022-12-13 00:00:00+05:30,149329.45987906348,54195.17735615544,2.0,54274.0186781794,"{'Consumer': 21040.75731991537, 'Technology': 33154.420036240066}",{'volatility_breakout': 54195.17735615544},-0.004590580977227865,-4.812910682678458,-0.004590580977227865,0.3629235477048276
2022-12-14 00:00:00+05:30,149603.5019987561,54469.21947584806,2.0,0.0,"{'Consumer': 21305.278372434048, 'Technology': 33163.941103414014}",{'volatility_breakout': 54469.21947584806},-0.0027638543060677367,-2.0072648194996097,-0.0027638543060677367,0.3640905376419661
2022-12-15 00:00:00+05:30,150376.49115711363,55242.20863420557,2.0,0.0,"{'Consumer': 21655.530939007058, 'Technology': 33586.677695198516}",{'volatility_breakout': 55242.20863420557},0.0,0.8812923439257055,0.0,0.3673593406065607
2022-12-16 00:00:00+05:30,149759.9660211281,54625.68349822004,2.0,0.0,"{'Consumer': 21467.829548636106, 'Technology': 33157.853949583936}",{'volatility_breakout': 54625.68349822004},-0.0040998771233556885,-0.44965991556048446,-0.0040998771233556885,0.36475491380996616
2022-12-19 00:00:00+05:30,149540.05323663517,54405.7707137271,2.0,0.0,"{'Consumer': 21152.392745045276, 'Technology': 33253.37796868182}",{'volatility_breakout': 54405.7707137271},-0.005562291778736572,-0.8516159695730731,-0.005562291778736572,0.3638207258602103
2022-12-20 00:00:00+05:30,149504.25628537778,54369.973762469715,2.0,0.0,"{'Consumer': 21021.547496770432, 'Technology': 33348.42626569928}",{'volatility_breakout': 54369.973762469715},-0.005800340631864742,-0.9182956807297739,-0.005800340631864742,0.3636684005750768
2022-12-21 00:00:00+05:30,149786.49689844344,54652.21437553538,2.0,0.0,"{'Consumer': 21137.022033122157, 'Technology': 33515.192342413226}",{'volatility_breakout': 54652.21437553538},-0.003923447436034233,-0.37736360268489416,-0.003923447436034233,0.3648674313585828
2022-12-22 00:00:00+05:30,149580.57478866895,0.0,0.0,54502.769452539615,{},{},-0.0052928244456316165,-0.7373466338251761,-0.0052928244456316165,0.0
2022-12-23 00:00:00+05:30,149580.57478866895,0.0,0.0,0.0,{},{},-0.0052928244456316165,-0.7373466338251761,-0.0052928244456316165,0.0
2022-12-26 00:00:00+05:30,149580.57478866895,0.0,0.0,0.0,{},{},-0.0052928244456316165,-0.7373466338251761,-0.0052928244456316165,0.0
2022-12-27 00:00:00+05:30,149580.57478866895,0.0,0.0,0.0,{},{},-0.0052928244456316165,-0.7373466338251761,-0.0052928244456316165,0.0
2022-12-28 00:00:00+05:30,149580.57478866895,0.0,0.0,0.0,{},{},-0.0052928244456316165,-0.7373466338251761,-0.0052928244456316165,0.0
2022-12-29 00:00:00+05:30,149580.57478866895,0.0,0.0,0.0,{},{},-0.0052928244456316165,-0.7373466338251761,-0.0052928244456316165,0.0
2022-12-30 00:00:00+05:30,149580.57478866895,0.0,0.0,0.0,{},{},-0.0052928244456316165,-0.7373466338251761,-0.0052928244456316165,0.0
2023-01-02 00:00:00+05:30,149580.57478866895,0.0,0.0,0.0,{},{},-0.0052928244456316165,-0.7373466338251761,-0.0052928244456316165,0.0
2023-01-03 00:00:00+05:30,149580.57478866895,0.0,0.0,0.0,{},{},-0.0052928244456316165,-0.7696820316531491,-0.0052928244456316165,0.0
2023-01-04 00:00:00+05:30,149580.57478866895,0.0,0.0,0.0,{},{},-0.0052928244456316165,-0.5858625935279465,-0.0052928244456316165,0.0
2023-01-05 00:00:00+05:30,149580.57478866895,0.0,0.0,0.0,{},{},-0.0052928244456316165,-0.5785131561827062,-0.0052928244456316165,0.0
2023-01-06 00:00:00+05:30,149580.57478866895,0.0,0.0,0.0,{},{},-0.0052928244456316165,-0.3740207349808791,-0.0052928244456316165,0.0
2023-01-09 00:00:00+05:30,149580.57478866895,0.0,0.0,0.0,{},{},-0.0052928244456316165,-0.2323902091294871,-0.0052928244456316165,0.0
2023-01-10 00:00:00+05:30,149580.57478866895,0.0,0.0,0.0,{},{},-0.0052928244456316165,-0.1989309034646595,-0.0052928244456316165,0.0
2023-01-11 00:00:00+05:30,149580.57478866895,0.0,0.0,0.0,{},{},-0.0052928244456316165,0.13610181468666754,-0.0052928244456316165,0.0
2023-01-12 00:00:00+05:30,149580.57478866895,0.0,0.0,0.0,{},{},-0.0052928244456316165,0.2044837225630437,-0.0052928244456316165,0.0
2023-01-13 00:00:00+05:30,149580.57478866895,0.0,0.0,0.0,{},{},-0.0052928244456316165,0.2044837225630437,-0.0052928244456316165,0.0
2023-01-16 00:00:00+05:30,149580.57478866895,0.0,0.0,0.0,{},{},-0.0052928244456316165,0.2044837225630437,-0.0052928244456316165,0.0
2023-01-17 00:00:00+05:30,149580.57478866895,0.0,0.0,0.0,{},{},-0.0052928244456316165,0.2044837225630437,-0.0052928244456316165,0.0
2023-01-18 00:00:00+05:30,149580.57478866895,0.0,0.0,0.0,{},{},-0.0052928244456316165,0.2044837225630437,-0.0052928244456316165,0.0
2023-01-19 00:00:00+05:30,149580.57478866895,0.0,0.0,0.0,{},{},-0.0052928244456316165,0.2044837225630437,-0.0052928244456316165,0.0
2023-01-20 00:00:00+05:30,149580.57478866895,0.0,0.0,0.0,{},{},-0.0052928244456316165,0.2044837225630437,-0.0052928244456316165,0.0
2023-01-23 00:00:00+05:30,149580.57478866895,0.0,0.0,0.0,{},{},-0.0052928244456316165,0.2044837225630437,-0.0052928244456316165,0.0
2023-01-24 00:00:00+05:30,149580.57478866895,0.0,0.0,0.0,{},{},-0.0052928244456316165,0.2044837225630437,-0.0052928244456316165,0.0
2023-01-25 00:00:00+05:30,149580.57478866895,0.0,0.0,0.0,{},{},-0.0052928244456316165,0.2044837225630437,-0.0052928244456316165,0.0
2023-01-26 00:00:00+05:30,149580.57478866895,0.0,0.0,0.0,{},{},-0.0052928244456316165,0.2044837225630437,-0.0052928244456316165,0.0
2023-01-27 00:00:00+05:30,149580.57478866895,0.0,0.0,0.0,{},{},-0.0052928244456316165,0.2044837225630437,-0.0052928244456316165,0.0
2023-01-30 00:00:00+05:30,149580.57478866895,0.0,0.0,0.0,{},{},-0.0052928244456316165,0.2044837225630437,-0.0052928244456316165,0.0
2023-01-31 00:00:00+05:30,149580.57478866895,0.0,0.0,0.0,{},{},-0.0052928244456316165,0.2044837225630437,-0.0052928244456316165,0.0
2023-02-01 00:00:00+05:30,149580.57478866895,0.0,0.0,0.0,{},{},-0.0052928244456316165,0.2044837225630437,-0.0052928244456316165,0.0
2023-02-02 00:00:00+05:30,149580.57478866895,0.0,0.0,0.0,{},{},-0.0052928244456316165,0.2044837225630437,-0.0052928244456316165,0.0
2023-02-03 00:00:00+05:30,149580.57478866895,0.0,0.0,0.0,{},{},-0.0052928244456316165,0.2044837225630437,-0.0052928244456316165,0.0
2023-02-06 00:00:00+05:30,149580.57478866895,0.0,0.0,0.0,{},{},-0.0052928244456316165,0.2044837225630437,-0.0052928244456316165,0.0
2023-02-07 00:00:00+05:30,149580.57478866895,0.0,0.0,0.0,{},{},-0.0052928244456316165,0.2044837225630437,-0.0052928244456316165,0.0
2023-02-08 00:00:00+05:30,149580.57478866895,0.0,0.0,0.0,{},{},-0.0052928244456316165,0.2044837225630437,-0.0052928244456316165,0.0
2023-02-09 00:00:00+05:30,149580.57478866895,0.0,0.0,0.0,{},{},-0.0052928244456316165,0.2044837225630437,-0.0052928244456316165,0.0
2023-02-10 00:00:00+05:30,149580.57478866895,0.0,0.0,0.0,{},{},-0.0052928244456316165,0.2044837225630437,-0.0052928244456316165,0.0
2023-02-13 00:00:00+05:30,149580.57478866895,0.0,0.0,0.0,{},{},-0.0052928244456316165,0.2044837225630437,-0.0052928244456316165,0.0
2023-02-14 00:00:00+05:30,149663.48147132152,18470.846712717077,1.0,18366.153621119138,{'Energy': 18470.846712717077},{'volatility_breakout': 18470.846712717077},-0.004741497027265784,0.35482754234746466,-0.004741497027265784,0.12341585623381651
2023-02-15 00:00:00+05:30,149822.49515212883,18629.860393524395,1.0,0.0,{'Energy': 18629.860393524395},{'volatility_breakout': 18629.860393524395},-0.003684059926667538,0.6379799197199868,-0.003684059926667538,0.12434621633158459
2023-02-16 00:00:00+05:30,149611.60378146896,18418.969022864523,1.0,0.0,{'Energy': 18418.969022864523},{'volatility_breakout': 18418.969022864523},-0.005086482400001757,0.2538645925565642,-0.005086482400001757,0.12311190146566636
2023-02-17 00:00:00+05:30,149662.8725057507,18470.237747146257,1.0,0.0,{'Energy': 18470.237747146257},{'volatility_breakout': 18470.237747146257},-0.004745546633465048,0.3443298140975161,-0.004745546633465048,0.12341228948707067
2023-02-20 00:00:00+05:30,149635.3636140694,18442.728855464982,1.0,0.0,{'Energy': 18442.728855464982},{'volatility_breakout': 18442.728855464982},-0.004928480092475929,0.2955822002400096,-0.004928480092475929,0.12325113803332859
2023-02-21 00:00:00+05:30,149203.30937635023,0.0,0.0,18029.357106342668,{},{},-0.007801630239780422,-0.4384575774934314,-0.007801630239780422,0.0
2023-02-22 00:00:00+05:30,149203.30937635023,0.0,0.0,0.0,{},{},-0.007801630239780422,-0.4384575774934314,-0.007801630239780422,0.0
2023-02-23 00:00:00+05:30,149203.30937635023,0.0,0.0,0.0,{},{},-0.007801630239780422,-0.4384575774934314,-0.007801630239780422,0.0
2023-02-24 00:00:00+05:30,149203.30937635023,0.0,0.0,0.0,{},{},-0.007801630239780422,-0.4384575774934314,-0.007801630239780422,0.0
2023-02-27 00:00:00+05:30,149203.30937635023,0.0,0.0,0.0,{},{},-0.007801630239780422,-0.4384575774934314,-0.007801630239780422,0.0
2023-02-28 00:00:00+05:30,149203.30937635023,0.0,0.0,0.0,{},{},-0.007801630239780422,-0.4384575774934314,-0.007801630239780422,0.0
2023-03-01 00:00:00+05:30,149203.30937635023,0.0,0.0,0.0,{},{},-0.007801630239780422,-0.4384575774934314,-0.007801630239780422,0.0
2023-03-02 00:00:00+05:30,149203.30937635023,0.0,0.0,0.0,{},{},-0.007801630239780422,-0.4384575774934314,-0.007801630239780422,0.0
2023-03-03 00:00:00+05:30,149203.30937635023,0.0,0.0,0.0,{},{},-0.007801630239780422,-0.4384575774934314,-0.007801630239780422,0.0
2023-03-06 00:00:00+05:30,149203.30937635023,0.0,0.0,0.0,{},{},-0.007801630239780422,-0.4384575774934314,-0.007801630239780422,0.0
2023-03-07 00:00:00+05:30,149203.30937635023,0.0,0.0,0.0,{},{},-0.007801630239780422,-0.2024379233958892,-0.007801630239780422,0.0
2023-03-08 00:00:00+05:30,149203.30937635023,0.0,0.0,0.0,{},{},-0.007801630239780422,-0.6779561193767345,-0.007801630239780422,0.0
2023-03-09 00:00:00+05:30,149203.30937635023,0.0,0.0,0.0,{},{},-0.007801630239780422,-2.670328352115279,-0.005311270824331804,0.0
2023-03-10 00:00:00+05:30,149203.30937635023,0.0,0.0,0.0,{},{},-0.007801630239780422,-1.7161952030981114,-0.005311270824331804,0.0
2023-03-13 00:00:00+05:30,149203.30937635023,0.0,0.0,0.0,{},{},-0.007801630239780422,-1.0962006574543617,-0.005311270824331804,0.0
2023-03-14 00:00:00+05:30,149203.30937635023,0.0,0.0,0.0,{},{},-0.007801630239780422,-0.9804921464687649,-0.005311270824331804,0.0
2023-03-15 00:00:00+05:30,149203.30937635023,0.0,0.0,0.0,{},{},-0.007801630239780422,-2.1504665348761587,-0.005311270824331804,0.0
2023-03-16 00:00:00+05:30,149203.30937635023,0.0,0.0,0.0,{},{},-0.007801630239780422,-1.490497153268439,-0.005311270824331804,0.0
2023-03-17 00:00:00+05:30,149203.30937635023,0.0,0.0,0.0,{},{},-0.007801630239780422,-1.490497153268439,-0.005311270824331804,0.0
2023-03-20 00:00:00+05:30,149203.30937635023,0.0,0.0,0.0,{},{},-0.007801630239780422,-1.490497153268439,-0.005311270824331804,0.0
2023-03-21 00:00:00+05:30,149203.30937635023,0.0,0.0,0.0,{},{},-0.007801630239780422,-1.490497153268439,-0.005311270824331804,0.0
2023-03-22 00:00:00+05:30,149203.30937635023,0.0,0.0,0.0,{},{},-0.007801630239780422,-1.490497153268439,-0.005311270824331804,0.0
2023-03-23 00:00:00+05:30,149203.30937635023,0.0,0.0,0.0,{},{},-0.007801630239780422,-1.490497153268439,-0.005311270824331804,0.0
2023-03-24 00:00:00+05:30,149203.30937635023,0.0,0.0,0.0,{},{},-0.007801630239780422,-1.490497153268439,-0.005311270824331804,0.0
2023-03-27 00:00:00+05:30,149203.30937635023,0.0,0.0,0.0,{},{},-0.007801630239780422,-1.490497153268439,-0.005311270824331804,0.0
2023-03-28 00:00:00+05:30,149203.30937635023,0.0,0.0,0.0,{},{},-0.007801630239780422,-1.490497153268439,-0.005311270824331804,0.0
2023-03-29 00:00:00+05:30,149203.30937635023,0.0,0.0,0.0,{},{},-0.007801630239780422,-1.490497153268439,-0.005311270824331804,0.0
2023-03-30 00:00:00+05:30,149203.30937635023,0.0,0.0,0.0,{},{},-0.007801630239780422,-1.490497153268439,-0.005311270824331804,0.0
2023-03-31 00:00:00+05:30,149203.30937635023,0.0,0.0,0.0,{},{},-0.007801630239780422,-1.490497153268439,-0.005311270824331804,0.0
2023-04-03 00:00:00+05:30,149203.30937635023,0.0,0.0,0.0,{},{},-0.007801630239780422,-1.490497153268439,-0.005311270824331804,0.0
2023-04-04 00:00:00+05:30,149203.30937635023,0.0,0.0,0.0,{},{},-0.007801630239780422,-1.490497153268439,-0.005311270824331804,0.0
2023-04-05 00:00:00+05:30,149203.30937635023,0.0,0.0,0.0,{},{},-0.007801630239780422,-1.490497153268439,-0.005311270824331804,0.0
2023-04-06 00:00:00+05:30,149203.30937635023,0.0,0.0,0.0,{},{},-0.007801630239780422,-1.490497153268439,-0.005311270824331804,0.0
2023-04-07 00:00:00+05:30,149203.30937635023,0.0,0.0,0.0,{},{},-0.007801630239780422,-1.490497153268439,-0.005311270824331804,0.0
2023-04-10 00:00:00+05:30,149203.30937635023,0.0,0.0,0.0,{},{},-0.007801630239780422,-1.490497153268439,-0.005311270824331804,0.0
2023-04-11 00:00:00+05:30,149203.30937635023,0.0,0.0,0.0,{},{},-0.007801630239780422,-1.490497153268439,-0.005311270824331804,0.0
2023-04-12 00:00:00+05:30,149203.30937635023,0.0,0.0,0.0,{},{},-0.007801630239780422,-1.490497153268439,-0.005311270824331804,0.0
2023-04-13 00:00:00+05:30,149203.30937635023,0.0,0.0,0.0,{},{},-0.007801630239780422,-1.490497153268439,-0.005311270824331804,0.0
2023-04-14 00:00:00+05:30,149203.30937635023,0.0,0.0,0.0,{},{},-0.007801630239780422,-1.490497153268439,-0.005311270824331804,0.0
2023-04-17 00:00:00+05:30,149203.30937635023,0.0,0.0,0.0,{},{},-0.007801630239780422,-1.490497153268439,-0.005311270824331804,0.0
2023-04-18 00:00:00+05:30,149203.30937635023,0.0,0.0,0.0,{},{},-0.007801630239780422,-1.490497153268439,-0.005311270824331804,0.0
2023-04-19 00:00:00+05:30,149203.30937635023,0.0,0.0,0.0,{},{},-0.007801630239780422,-1.490497153268439,-0.005311270824331804,0.0
2023-04-20 00:00:00+05:30,149203.30937635023,0.0,0.0,0.0,{},{},-0.007801630239780422,-1.490497153268439,-0.005311270824331804,0.0
2023-04-21 00:00:00+05:30,149203.30937635023,0.0,0.0,0.0,{},{},-0.007801630239780422,-1.490497153268439,-0.005311270824331804,0.0
2023-04-24 00:00:00+05:30,149203.30937635023,0.0,0.0,0.0,{},{},-0.007801630239780422,-1.490497153268439,-0.005311270824331804,0.0
2023-04-25 00:00:00+05:30,149203.30937635023,0.0,0.0,0.0,{},{},-0.007801630239780422,-1.490497153268439,-0.005311270824331804,0.0
2023-04-26 00:00:00+05:30,149203.30937635023,0.0,0.0,0.0,{},{},-0.007801630239780422,-1.490497153268439,-0.005311270824331804,0.0
2023-04-27 00:00:00+05:30,149203.30937635023,0.0,0.0,0.0,{},{},-0.007801630239780422,-1.490497153268439,-0.005311270824331804,0.0
2023-04-28 00:00:00+05:30,149203.30937635023,0.0,0.0,0.0,{},{},-0.007801630239780422,-1.490497153268439,-0.005311270824331804,0.0
2023-05-01 00:00:00+05:30,149203.30937635023,0.0,0.0,0.0,{},{},-0.007801630239780422,-1.490497153268439,-0.005311270824331804,0.0
2023-05-02 00:00:00+05:30,149203.30937635023,0.0,0.0,0.0,{},{},-0.007801630239780422,-1.490497153268439,-0.005311270824331804,0.0
2023-05-03 00:00:00+05:30,149203.30937635023,0.0,0.0,0.0,{},{},-0.007801630239780422,-1.490497153268439,-0.005311270824331804,0.0
2023-05-04 00:00:00+05:30,149203.30937635023,0.0,0.0,0.0,{},{},-0.007801630239780422,-1.490497153268439,-0.005311270824331804,0.0
2023-05-05 00:00:00+05:30,149203.30937635023,0.0,0.0,0.0,{},{},-0.007801630239780422,-1.490497153268439,-0.005311270824331804,0.0
2023-05-08 00:00:00+05:30,149203.30937635023,0.0,0.0,0.0,{},{},-0.007801630239780422,-1.490497153268439,-0.005311270824331804,0.0
2023-05-09 00:00:00+05:30,149203.30937635023,0.0,0.0,0.0,{},{},-0.007801630239780422,-1.8467040916549,-0.005311270824331804,0.0
2023-05-10 00:00:00+05:30,149203.30937635023,0.0,0.0,0.0,{},{},-0.007801630239780422,-2.6339020961305093,-0.005311270824331804,0.0
2023-05-11 00:00:00+05:30,149203.30937635023,0.0,0.0,0.0,{},{},-0.007801630239780422,-1.9173021146647387,-0.005311270824331804,0.0
2023-05-12 00:00:00+05:30,149203.30937635023,0.0,0.0,0.0,{},{},-0.007801630239780422,-2.177788930794934,-0.005311270824331804,0.0
2023-05-15 00:00:00+05:30,149203.30937635023,0.0,0.0,0.0,{},{},-0.007801630239780422,-2.0493901531919216,-0.005311270824331804,0.0
2023-05-16 00:00:00+05:30,149203.30937635023,0.0,0.0,0.0,{},{},-0.007801630239780422,,-0.005311270824331804,0.0
2023-05-17 00:00:00+05:30,149203.30937635023,0.0,0.0,0.0,{},{},-0.007801630239780422,,-0.005311270824331804,0.0
2023-05-18 00:00:00+05:30,149203.30937635023,0.0,0.0,0.0,{},{},-0.007801630239780422,,-0.005311270824331804,0.0
2023-05-19 00:00:00+05:30,149203.30937635023,0.0,0.0,0.0,{},{},-0.007801630239780422,,-0.005311270824331804,0.0
2023-05-22 00:00:00+05:30,149203.30937635023,0.0,0.0,0.0,{},{},-0.007801630239780422,,-0.005311270824331804,0.0
2023-05-23 00:00:00+05:30,149203.30937635023,0.0,0.0,0.0,{},{},-0.007801630239780422,,-0.005311270824331804,0.0
2023-05-24 00:00:00+05:30,149203.30937635023,0.0,0.0,0.0,{},{},-0.007801630239780422,,-0.005311270824331804,0.0
2023-05-25 00:00:00+05:30,149203.30937635023,0.0,0.0,0.0,{},{},-0.007801630239780422,,-0.005311270824331804,0.0
2023-05-26 00:00:00+05:30,149203.30937635023,0.0,0.0,0.0,{},{},-0.007801630239780422,,-0.005311270824331804,0.0
2023-05-29 00:00:00+05:30,149203.30937635023,0.0,0.0,0.0,{},{},-0.007801630239780422,,-0.005311270824331804,0.0
2023-05-30 00:00:00+05:30,149203.30937635023,0.0,0.0,0.0,{},{},-0.007801630239780422,,-0.005311270824331804,0.0
2023-05-31 00:00:00+05:30,149203.30937635023,0.0,0.0,0.0,{},{},-0.007801630239780422,,-0.005311270824331804,0.0
2023-06-01 00:00:00+05:30,149203.30937635023,0.0,0.0,0.0,{},{},-0.007801630239780422,,-0.005311270824331804,0.0
2023-06-02 00:00:00+05:30,149203.30937635023,0.0,0.0,0.0,{},{},-0.007801630239780422,,-0.005311270824331804,0.0
2023-06-05 00:00:00+05:30,149203.30937635023,0.0,0.0,0.0,{},{},-0.007801630239780422,,-0.005311270824331804,0.0
2023-06-06 00:00:00+05:30,149203.30937635023,0.0,0.0,0.0,{},{},-0.007801630239780422,,-0.005311270824331804,0.0
2023-06-07 00:00:00+05:30,149203.30937635023,0.0,0.0,0.0,{},{},-0.007801630239780422,,-0.005311270824331804,0.0
2023-06-08 00:00:00+05:30,149203.30937635023,0.0,0.0,0.0,{},{},-0.007801630239780422,,-0.005311270824331804,0.0
2023-06-09 00:00:00+05:30,149203.30937635023,0.0,0.0,0.0,{},{},-0.007801630239780422,,-0.005311270824331804,0.0
2023-06-12 00:00:00+05:30,149203.30937635023,0.0,0.0,0.0,{},{},-0.007801630239780422,,-0.005311270824331804,0.0
2023-06-13 00:00:00+05:30,149203.30937635023,0.0,0.0,0.0,{},{},-0.007801630239780422,,-0.005311270824331804,0.0
2023-06-14 00:00:00+05:30,149203.30937635023,0.0,0.0,0.0,{},{},-0.007801630239780422,,-0.005311270824331804,0.0
2023-06-15 00:00:00+05:30,149203.30937635023,0.0,0.0,0.0,{},{},-0.007801630239780422,,-0.005311270824331804,0.0
2023-06-16 00:00:00+05:30,149203.30937635023,0.0,0.0,0.0,{},{},-0.007801630239780422,,-0.005311270824331804,0.0
2023-06-19 00:00:00+05:30,149203.30937635023,0.0,0.0,0.0,{},{},-0.007801630239780422,,-0.005311270824331804,0.0
2023-06-20 00:00:00+05:30,149212.2303623153,16440.14353839898,1.0,16411.75450253737,{'Finance': 16440.14353839898},{'volatility_breakout': 16440.14353839898},-0.007742305900607205,2.04939015319192,-0.005251797584564621,0.11017959786861456
2023-06-21 00:00:00+05:30,149177.8477379076,16405.760913991282,1.0,0.0,{'Finance': 16405.760913991282},{'volatility_breakout': 16405.760913991282},-0.00797094951466637,-1.46295720150432,-0.005481015080615936,0.10997451138197653
2023-06-22 00:00:00+05:30,149115.7933674224,16343.70654350608,1.0,0.0,{'Finance': 16343.70654350608},{'volatility_breakout': 16343.70654350608},-0.008383609565500882,-2.519005588346618,-0.00589471088385074,0.10960412827120913
2023-06-23 00:00:00+05:30,148981.8275016348,16209.740677718477,1.0,0.0,{'Finance': 16209.740677718477},{'volatility_breakout': 16209.740677718477},-0.009274479306886296,-3.01778682325387,-0.0067878166557679975,0.10880347589735805
2023-06-26 00:00:00+05:30,148977.90537213665,16205.818548220317,1.0,0.0,{'Finance': 16205.818548220317},{'volatility_breakout': 16205.818548220317},-0.009300561372427185,-3.072240925745349,-0.006813964185755639,0.10878001343715558
2023-06-27 00:00:00+05:30,149186.9023882852,16414.815564368866,1.0,0.0,{'Finance': 16414.815564368866},{'volatility_breakout': 16414.815564368866},-0.007910736310408617,-0.12715292528697789,-0.005420650744765276,0.11002852999552477
2023-06-28 00:00:00+05:30,149118.84922107868,16346.762397162352,1.0,0.0,{'Finance': 16346.762397162352},{'volatility_breakout': 16346.762397162352},-0.008363288213188658,-0.6406149426143971,-0.005874338526142164,0.10962237492141039
2023-06-29 00:00:00+05:30,149146.16402388067,0.0,0.0,16391.062044622584,{},{},-0.008181645440493157,-0.4303517992511161,-0.005692239840795477,0.0
2023-06-30 00:00:00+05:30,149146.16402388067,0.0,0.0,0.0,{},{},-0.008181645440493157,-0.4303517992511161,-0.005692239840795477,0.0
2023-07-03 00:00:00+05:30,149146.16402388067,0.0,0.0,0.0,{},{},-0.008181645440493157,-0.4303517992511161,-0.005692239840795477,0.0
2023-07-04 00:00:00+05:30,149146.16402388067,0.0,0.0,0.0,{},{},-0.008181645440493157,-0.4303517992511161,-0.005692239840795477,0.0
2023-07-05 00:00:00+05:30,149146.16402388067,0.0,0.0,0.0,{},{},-0.008181645440493157,-0.4303517992511161,-0.005692239840795477,0.0
2023-07-06 00:00:00+05:30,149146.16402388067,0.0,0.0,0.0,{},{},-0.008181645440493157,-0.4303517992511161,-0.005692239840795477,0.0
2023-07-07 00:00:00+05:30,149146.16402388067,0.0,0.0,0.0,{},{},-0.008181645440493157,-0.4303517992511161,-0.005692239840795477,0.0
2023-07-10 00:00:00+05:30,149146.16402388067,0.0,0.0,0.0,{},{},-0.008181645440493157,-0.4303517992511161,-0.005692239840795477,0.0
2023-07-11 00:00:00+05:30,149146.16402388067,0.0,0.0,0.0,{},{},-0.008181645440493157,-0.4303517992511161,-0.005692239840795477,0.0
2023-07-12 00:00:00+05:30,149146.16402388067,0.0,0.0,0.0,{},{},-0.008181645440493157,-0.4303517992511161,-0.005692239840795477,0.0
2023-07-13 00:00:00+05:30,149146.16402388067,0.0,0.0,0.0,{},{},-0.008181645440493157,-0.4303517992511161,-0.005692239840795477,0.0
2023-07-14 00:00:00+05:30,149146.16402388067,0.0,0.0,0.0,{},{},-0.008181645440493157,-0.4303517992511161,-0.005692239840795477,0.0
2023-07-17 00:00:00+05:30,149146.16402388067,0.0,0.0,0.0,{},{},-0.008181645440493157,-0.4303517992511161,-0.005692239840795477,0.0
2023-07-18 00:00:00+05:30,149146.16402388067,0.0,0.0,0.0,{},{},-0.008181645440493157,-0.4303517992511161,-0.005692239840795477,0.0
2023-07-19 00:00:00+05:30,149146.16402388067,0.0,0.0,0.0,{},{},-0.008181645440493157,-0.4303517992511161,-0.005692239840795477,0.0
2023-07-20 00:00:00+05:30,149146.16402388067,0.0,0.0,0.0,{},{},-0.008181645440493157,-0.4303517992511161,-0.005692239840795477,0.0
2023-07-21 00:00:00+05:30,149146.16402388067,0.0,0.0,0.0,{},{},-0.008181645440493157,-0.4303517992511161,-0.005692239840795477,0.0
2023-07-24 00:00:00+05:30,149146.16402388067,0.0,0.0,0.0,{},{},-0.008181645440493157,-0.4303517992511161,-0.005692239840795477,0.0
2023-07-25 00:00:00+05:30,149146.16402388067,0.0,0.0,0.0,{},{},-0.008181645440493157,-0.4303517992511161,-0.005692239840795477,0.0
2023-07-26 00:00:00+05:30,149146.16402388067,0.0,0.0,0.0,{},{},-0.008181645440493157,-0.4303517992511161,-0.005692239840795477,0.0
2023-07-27 00:00:00+05:30,149146.16402388067,0.0,0.0,0.0,{},{},-0.008181645440493157,-0.4303517992511161,-0.005692239840795477,0.0
2023-07-28 00:00:00+05:30,149146.16402388067,0.0,0.0,0.0,{},{},-0.008181645440493157,-0.4303517992511161,-0.005692239840795477,0.0
2023-07-31 00:00:00+05:30,149146.16402388067,0.0,0.0,0.0,{},{},-0.008181645440493157,-0.4303517992511161,-0.005692239840795477,0.0
2023-08-01 00:00:00+05:30,149146.16402388067,0.0,0.0,0.0,{},{},-0.008181645440493157,-0.4303517992511161,-0.005692239840795477,0.0
2023-08-02 00:00:00+05:30,149146.16402388067,0.0,0.0,0.0,{},{},-0.008181645440493157,-0.4303517992511161,-0.005692239840795477,0.0
2023-08-03 00:00:00+05:30,149146.16402388067,0.0,0.0,0.0,{},{},-0.008181645440493157,-0.4303517992511161,-0.005692239840795477,0.0
2023-08-04 00:00:00+05:30,149146.16402388067,0.0,0.0,0.0,{},{},-0.008181645440493157,-0.4303517992511161,-0.005692239840795477,0.0
2023-08-07 00:00:00+05:30,149146.16402388067,0.0,0.0,0.0,{},{},-0.008181645440493157,-0.4303517992511161,-0.005692239840795477,0.0
2023-08-08 00:00:00+05:30,149146.16402388067,0.0,0.0,0.0,{},{},-0.008181645440493157,-0.4303517992511161,-0.005692239840795477,0.0
2023-08-09 00:00:00+05:30,149146.16402388067,0.0,0.0,0.0,{},{},-0.008181645440493157,-0.4303517992511161,-0.005692239840795477,0.0
2023-08-10 00:00:00+05:30,149146.16402388067,0.0,0.0,0.0,{},{},-0.008181645440493157,-0.4303517992511161,-0.005692239840795477,0.0
2023-08-11 00:00:00+05:30,149146.16402388067,0.0,0.0,0.0,{},{},-0.008181645440493157,-0.4303517992511161,-0.005692239840795477,0.0
2023-08-14 00:00:00+05:30,149146.16402388067,0.0,0.0,0.0,{},{},-0.008181645440493157,-0.4303517992511161,-0.005692239840795477,0.0
2023-08-15 00:00:00+05:30,149146.16402388067,0.0,0.0,0.0,{},{},-0.008181645440493157,-0.4303517992511161,-0.005692239840795477,0.0
2023-08-16 00:00:00+05:30,149146.16402388067,0.0,0.0,0.0,{},{},-0.008181645440493157,-0.4303517992511161,-0.005692239840795477,0.0
2023-08-17 00:00:00+05:30,149146.16402388067,0.0,0.0,0.0,{},{},-0.008181645440493157,-0.4303517992511161,-0.005692239840795477,0.0
2023-08-18 00:00:00+05:30,149146.16402388067,0.0,0.0,0.0,{},{},-0.008181645440493157,-0.4303517992511161,-0.005692239840795477,0.0
2023-08-21 00:00:00+05:30,149146.16402388067,0.0,0.0,0.0,{},{},-0.008181645440493157,-0.4303517992511161,-0.005692239840795477,0.0
2023-08-22 00:00:00+05:30,149146.16402388067,0.0,0.0,0.0,{},{},-0.008181645440493157,-0.4303517992511161,-0.005692239840795477,0.0
2023-08-23 00:00:00+05:30,149146.16402388067,0.0,0.0,0.0,{},{},-0.008181645440493157,-0.4303517992511161,-0.005692239840795477,0.0
2023-08-24 00:00:00+05:30,149146.16402388067,0.0,0.0,0.0,{},{},-0.008181645440493157,-0.4303517992511161,-0.005692239840795477,0.0
2023-08-25 00:00:00+05:30,149146.16402388067,0.0,0.0,0.0,{},{},-0.008181645440493157,-0.4303517992511161,-0.005692239840795477,0.0
2023-08-28 00:00:00+05:30,149146.16402388067,0.0,0.0,0.0,{},{},-0.008181645440493157,-0.4303517992511161,-0.005692239840795477,0.0
2023-08-29 00:00:00+05:30,149146.16402388067,0.0,0.0,0.0,{},{},-0.008181645440493157,-0.4303517992511161,-0.005692239840795477,0.0
2023-08-30 00:00:00+05:30,149146.16402388067,0.0,0.0,0.0,{},{},-0.008181645440493157,-0.4303517992511161,-0.005692239840795477,0.0
2023-08-31 00:00:00+05:30,149146.16402388067,0.0,0.0,0.0,{},{},-0.008181645440493157,-0.4303517992511161,-0.005692239840795477,0.0
2023-09-01 00:00:00+05:30,149146.16402388067,0.0,0.0,0.0,{},{},-0.008181645440493157,-0.4303517992511161,-0.005692239840795477,0.0
2023-09-04 00:00:00+05:30,149146.16402388067,0.0,0.0,0.0,{},{},-0.008181645440493157,-0.4303517992511161,-0.005692239840795477,0.0
2023-09-05 00:00:00+05:30,149146.16402388067,0.0,0.0,0.0,{},{},-0.008181645440493157,-0.4303517992511161,-0.005692239840795477,0.0
2023-09-06 00:00:00+05:30,149146.16402388067,0.0,0.0,0.0,{},{},-0.008181645440493157,-0.4303517992511161,-0.005692239840795477,0.0
2023-09-07 00:00:00+05:30,149146.16402388067,0.0,0.0,0.0,{},{},-0.008181645440493157,-0.4303517992511161,-0.005692239840795477,0.0
2023-09-08 00:00:00+05:30,149146.16402388067,0.0,0.0,0.0,{},{},-0.008181645440493157,-0.4303517992511161,-0.005692239840795477,0.0
2023-09-11 00:00:00+05:30,149146.16402388067,0.0,0.0,0.0,{},{},-0.008181645440493157,-0.4303517992511161,-0.005692239840795477,0.0
2023-09-12 00:00:00+05:30,149146.16402388067,0.0,0.0,0.0,{},{},-0.008181645440493157,-0.49814458958857893,-0.005692239840795477,0.0
2023-09-13 00:00:00+05:30,149146.16402388067,0.0,0.0,0.0,{},{},-0.008181645440493157,-0.23988243246659027,-0.005692239840795477,0.0
2023-09-14 00:00:00+05:30,149146.16402388067,0.0,0.0,0.0,{},{},-0.008181645440493157,0.2400446649094701,-0.005692239840795477,0.0
2023-09-15 00:00:00+05:30,149146.16402388067,0.0,0.0,0.0,{},{},-0.008181645440493157,1.515447783946776,-0.005692239840795477,0.0
2023-09-18 00:00:00+05:30,149146.16402388067,0.0,0.0,0.0,{},{},-0.008181645440493157,1.5521928619431256,-0.005692239840795477,0.0
2023-09-19 00:00:00+05:30,149146.16402388067,0.0,0.0,0.0,{},{},-0.008181645440493157,-1.131498027639558,-0.005692239840795477,0.0
2023-09-20 00:00:00+05:30,149146.16402388067,0.0,0.0,0.0,{},{},-0.008181645440493157,2.0493901531919314,-0.005692239840795477,0.0
2023-09-21 00:00:00+05:30,149146.16402388067,0.0,0.0,0.0,{},{},-0.008181645440493157,,-0.005692239840795477,0.0
2023-09-22 00:00:00+05:30,149146.16402388067,0.0,0.0,0.0,{},{},-0.008181645440493157,,-0.005692239840795477,0.0
2023-09-25 00:00:00+05:30,149146.16402388067,0.0,0.0,0.0,{},{},-0.008181645440493157,,-0.005692239840795477,0.0
2023-09-26 00:00:00+05:30,149146.16402388067,0.0,0.0,0.0,{},{},-0.008181645440493157,,-0.005692239840795477,0.0
2023-09-27 00:00:00+05:30,149146.16402388067,0.0,0.0,0.0,{},{},-0.008181645440493157,,-0.005692239840795477,0.0
2023-09-28 00:00:00+05:30,149146.16402388067,0.0,0.0,0.0,{},{},-0.008181645440493157,,-0.005692239840795477,0.0
2023-09-29 00:00:00+05:30,149146.16402388067,0.0,0.0,0.0,{},{},-0.008181645440493157,,-0.005692239840795477,0.0
2023-10-02 00:00:00+05:30,149146.16402388067,0.0,0.0,0.0,{},{},-0.008181645440493157,,-0.005692239840795477,0.0
2023-10-03 00:00:00+05:30,149146.16402388067,0.0,0.0,0.0,{},{},-0.008181645440493157,,-0.005692239840795477,0.0
2023-10-04 00:00:00+05:30,149146.16402388067,0.0,0.0,0.0,{},{},-0.008181645440493157,,-0.005692239840795477,0.0
2023-10-05 00:00:00+05:30,149146.16402388067,0.0,0.0,0.0,{},{},-0.008181645440493157,,-0.005692239840795477,0.0
2023-10-06 00:00:00+05:30,149146.16402388067,0.0,0.0,0.0,{},{},-0.008181645440493157,,-0.005692239840795477,0.0
2023-10-09 00:00:00+05:30,149146.16402388067,0.0,0.0,0.0,{},{},-0.008181645440493157,,-0.005692239840795477,0.0
2023-10-10 00:00:00+05:30,149146.16402388067,0.0,0.0,0.0,{},{},-0.008181645440493157,,-0.005692239840795477,0.0
2023-10-11 00:00:00+05:30,149146.16402388067,0.0,0.0,0.0,{},{},-0.008181645440493157,,-0.005692239840795477,0.0
2023-10-12 00:00:00+05:30,149146.16402388067,0.0,0.0,0.0,{},{},-0.008181645440493157,,-0.005692239840795477,0.0
2023-10-13 00:00:00+05:30,149146.16402388067,0.0,0.0,0.0,{},{},-0.008181645440493157,,-0.005692239840795477,0.0
2023-10-16 00:00:00+05:30,149146.16402388067,0.0,0.0,0.0,{},{},-0.008181645440493157,,-0.005692239840795477,0.0
2023-10-17 00:00:00+05:30,149146.16402388067,0.0,0.0,0.0,{},{},-0.008181645440493157,,-0.005692239840795477,0.0
2023-10-18 00:00:00+05:30,149146.16402388067,0.0,0.0,0.0,{},{},-0.008181645440493157,,-0.005692239840795477,0.0
2023-10-19 00:00:00+05:30,149146.16402388067,0.0,0.0,0.0,{},{},-0.008181645440493157,,-0.005692239840795477,0.0
2023-10-20 00:00:00+05:30,149146.16402388067,0.0,0.0,0.0,{},{},-0.008181645440493157,,-0.005692239840795477,0.0
2023-10-23 00:00:00+05:30,149146.16402388067,0.0,0.0,0.0,{},{},-0.008181645440493157,,-0.005692239840795477,0.0
2023-10-24 00:00:00+05:30,149146.16402388067,0.0,0.0,0.0,{},{},-0.008181645440493157,,-0.005692239840795477,0.0
2023-10-25 00:00:00+05:30,149146.16402388067,0.0,0.0,0.0,{},{},-0.008181645440493157,,-0.005692239840795477,0.0
2023-10-26 00:00:00+05:30,149146.16402388067,0.0,0.0,0.0,{},{},-0.008181645440493157,,-0.005692239840795477,0.0
2023-10-27 00:00:00+05:30,149146.16402388067,0.0,0.0,0.0,{},{},-0.008181645440493157,,-0.005692239840795477,0.0
2023-10-30 00:00:00+05:30,149146.16402388067,0.0,0.0,0.0,{},{},-0.008181645440493157,,-0.005692239840795477,0.0
2023-10-31 00:00:00+05:30,149146.16402388067,0.0,0.0,0.0,{},{},-0.008181645440493157,,-0.005692239840795477,0.0
2023-11-01 00:00:00+05:30,149146.16402388067,0.0,0.0,0.0,{},{},-0.008181645440493157,,-0.005692239840795477,0.0
2023-11-02 00:00:00+05:30,149146.16402388067,0.0,0.0,0.0,{},{},-0.008181645440493157,,-0.005692239840795477,0.0
2023-11-03 00:00:00+05:30,149146.16402388067,0.0,0.0,0.0,{},{},-0.008181645440493157,,-0.005692239840795477,0.0
2023-11-06 00:00:00+05:30,149146.16402388067,0.0,0.0,0.0,{},{},-0.008181645440493157,,-0.005692239840795477,0.0
2023-11-07 00:00:00+05:30,149146.16402388067,0.0,0.0,0.0,{},{},-0.008181645440493157,,-0.005692239840795477,0.0
2023-11-08 00:00:00+05:30,149146.16402388067,0.0,0.0,0.0,{},{},-0.008181645440493157,,-0.005692239840795477,0.0
2023-11-09 00:00:00+05:30,149146.16402388067,0.0,0.0,0.0,{},{},-0.008181645440493157,,-0.005692239840795477,0.0
2023-11-10 00:00:00+05:30,149146.16402388067,0.0,0.0,0.0,{},{},-0.008181645440493157,,-0.005692239840795477,0.0
2023-11-13 00:00:00+05:30,149146.16402388067,0.0,0.0,0.0,{},{},-0.008181645440493157,,-0.005692239840795477,0.0
2023-11-14 00:00:00+05:30,149146.16402388067,0.0,0.0,0.0,{},{},-0.008181645440493157,,-0.005692239840795477,0.0
2023-11-15 00:00:00+05:30,149146.16402388067,0.0,0.0,0.0,{},{},-0.008181645440493157,,-0.005692239840795477,0.0
2023-11-16 00:00:00+05:30,149146.16402388067,0.0,0.0,0.0,{},{},-0.008181645440493157,,-0.005692239840795477,0.0
2023-11-17 00:00:00+05:30,149146.16402388067,0.0,0.0,0.0,{},{},-0.008181645440493157,,-0.005692239840795477,0.0
2023-11-20 00:00:00+05:30,149146.16402388067,0.0,0.0,0.0,{},{},-0.008181645440493157,,-0.005692239840795477,0.0
2023-11-21 00:00:00+05:30,149146.16402388067,0.0,0.0,0.0,{},{},-0.008181645440493157,,-0.005692239840795477,0.0
2023-11-22 00:00:00+05:30,149146.16402388067,0.0,0.0,0.0,{},{},-0.008181645440493157,,-0.005692239840795477,0.0
2023-11-23 00:00:00+05:30,149146.16402388067,0.0,0.0,0.0,{},{},-0.008181645440493157,,-0.005692239840795477,0.0
2023-11-24 00:00:00+05:30,149146.16402388067,0.0,0.0,0.0,{},{},-0.008181645440493157,,-0.005692239840795477,0.0
2023-11-27 00:00:00+05:30,149146.16402388067,0.0,0.0,0.0,{},{},-0.008181645440493157,,-0.005692239840795477,0.0
2023-11-28 00:00:00+05:30,149146.16402388067,0.0,0.0,0.0,{},{},-0.008181645440493157,,-0.005692239840795477,0.0
2023-11-29 00:00:00+05:30,149146.16402388067,0.0,0.0,0.0,{},{},-0.008181645440493157,,-0.005692239840795477,0.0
2023-11-30 00:00:00+05:30,149146.16402388067,0.0,0.0,0.0,{},{},-0.008181645440493157,,-0.005692239840795477,0.0
2023-12-01 00:00:00+05:30,149146.16402388067,0.0,0.0,0.0,{},{},-0.008181645440493157,,-0.005692239840795477,0.0
2023-12-04 00:00:00+05:30,149146.16402388067,0.0,0.0,0.0,{},{},-0.008181645440493157,,-0.005692239840795477,0.0
2023-12-05 00:00:00+05:30,149146.16402388067,0.0,0.0,0.0,{},{},-0.008181645440493157,,-0.005692239840795477,0.0
2023-12-06 00:00:00+05:30,149146.16402388067,0.0,0.0,0.0,{},{},-0.008181645440493157,,-0.005692239840795477,0.0
2023-12-07 00:00:00+05:30,149146.16402388067,0.0,0.0,0.0,{},{},-0.008181645440493157,,-0.005692239840795477,0.0
2023-12-08 00:00:00+05:30,149146.16402388067,0.0,0.0,0.0,{},{},-0.008181645440493157,,-0.005692239840795477,0.0
2023-12-11 00:00:00+05:30,149146.16402388067,0.0,0.0,0.0,{},{},-0.008181645440493157,,-0.005692239840795477,0.0
2023-12-12 00:00:00+05:30,149146.16402388067,0.0,0.0,0.0,{},{},-0.008181645440493157,,-0.005692239840795477,0.0
2023-12-13 00:00:00+05:30,149146.16402388067,0.0,0.0,0.0,{},{},-0.008181645440493157,,-0.005692239840795477,0.0
2023-12-14 00:00:00+05:30,149146.16402388067,0.0,0.0,0.0,{},{},-0.008181645440493157,,-0.005692239840795477,0.0
2023-12-15 00:00:00+05:30,149146.16402388067,0.0,0.0,0.0,{},{},-0.008181645440493157,,-0.005692239840795477,0.0
2023-12-18 00:00:00+05:30,149146.16402388067,0.0,0.0,0.0,{},{},-0.008181645440493157,,-0.005692239840795477,0.0
2023-12-19 00:00:00+05:30,149146.16402388067,0.0,0.0,0.0,{},{},-0.008181645440493157,,-0.005692239840795477,0.0
2023-12-20 00:00:00+05:30,149146.16402388067,0.0,0.0,0.0,{},{},-0.008181645440493157,,-0.005692239840795477,0.0
2023-12-21 00:00:00+05:30,149146.16402388067,0.0,0.0,0.0,{},{},-0.008181645440493157,,-0.005692239840795477,0.0
2023-12-22 00:00:00+05:30,149146.16402388067,0.0,0.0,0.0,{},{},-0.008181645440493157,,-0.005692239840795477,0.0
2023-12-25 00:00:00+05:30,149146.16402388067,0.0,0.0,0.0,{},{},-0.008181645440493157,,-0.005692239840795477,0.0
2023-12-26 00:00:00+05:30,149715.75119447068,35102.14451968748,1.0,34491.642466021585,{'Technology': 35102.14451968748},{'volatility_breakout': 35102.14451968748},-0.004393904642665314,2.0493901531919194,-0.0018949920368621642,0.23445859396645685
2023-12-27 00:00:00+05:30,150124.76539640178,35511.15872161859,1.0,0.0,{'Technology': 35511.15872161859},{'volatility_breakout': 35511.15872161859},-0.0016739701716330657,2.8823895915657873,0.0,0.23654430784855518
2023-12-28 00:00:00+05:30,150143.64946938812,35530.042794604946,1.0,0.0,{'Technology': 35530.042794604946},{'volatility_breakout': 35530.042794604946},-0.0015483915466695253,2.9385568125579455,0.0,0.23664033024486295
2023-12-29 00:00:00+05:30,150247.4041550645,35633.7974802813,1.0,0.0,{'Technology': 35633.7974802813},{'volatility_breakout': 35633.7974802813},-0.000858425416471964,3.218946108311528,0.0,0.2371674750766745
2024-01-01 00:00:00+05:30,149897.75151186113,35284.14483707795,1.0,0.0,{'Technology': 35284.14483707795},{'volatility_breakout': 35284.14483707795},-0.003183606969205832,1.952187936242178,-0.0023271792625614296,0.2353880860867081
2024-01-02 00:00:00+05:30,149374.4390879021,34760.832413118915,1.0,0.0,{'Technology': 34760.832413118915},{'volatility_breakout': 34760.832413118915},-0.006663621830120925,0.49722127980007774,-0.005810184023288922,0.2327093753481027
2024-01-03 00:00:00+05:30,149507.55041636952,34893.943741586336,1.0,0.0,{'Technology': 34893.943741586336},{'volatility_breakout': 34893.943741586336},-0.005778434741080973,0.7761085110935958,-0.004924236414303729,0.23339251860129342
2024-01-04 00:00:00+05:30,149477.96411331283,0.0,0.0,34900.52226711641,{},{},-0.005975182935090695,0.7127019608873874,-0.005121153647070997,0.0
2024-01-05 00:00:00+05:30,149477.96411331283,0.0,0.0,0.0,{},{},-0.005975182935090695,0.7127019608873874,-0.005121153647070997,0.0
2024-01-08 00:00:00+05:30,149477.96411331283,0.0,0.0,0.0,{},{},-0.005975182935090695,0.7127019608873874,-0.005121153647070997,0.0
2024-01-09 00:00:00+05:30,149477.96411331283,0.0,0.0,0.0,{},{},-0.005975182935090695,0.7127019608873874,-0.005121153647070997,0.0
2024-01-10 00:00:00+05:30,149477.96411331283,0.0,0.0,0.0,{},{},-0.005975182935090695,0.7127019608873874,-0.005121153647070997,0.0
2024-01-11 00:00:00+05:30,149477.96411331283,0.0,0.0,0.0,{},{},-0.005975182935090695,0.7127019608873874,-0.005121153647070997,0.0
2024-01-12 00:00:00+05:30,149477.96411331283,0.0,0.0,0.0,{},{},-0.005975182935090695,0.7127019608873874,-0.005121153647070997,0.0
2024-01-15 00:00:00+05:30,149477.96411331283,0.0,0.0,0.0,{},{},-0.005975182935090695,0.7127019608873874,-0.005121153647070997,0.0
2024-01-16 00:00:00+05:30,149477.96411331283,0.0,0.0,0.0,{},{},-0.005975182935090695,0.7127019608873874,-0.005121153647070997,0.0
2024-01-17 00:00:00+05:30,149477.96411331283,0.0,0.0,0.0,{},{},-0.005975182935090695,0.7127019608873874,-0.005121153647070997,0.0
2024-01-18 00:00:00+05:30,149477.96411331283,0.0,0.0,0.0,{},{},-0.005975182935090695,0.7127019608873874,-0.005121153647070997,0.0
2024-01-19 00:00:00+05:30,149477.96411331283,0.0,0.0,0.0,{},{},-0.005975182935090695,0.7127019608873874,-0.005121153647070997,0.0
2024-01-22 00:00:00+05:30,149477.96411331283,0.0,0.0,0.0,{},{},-0.005975182935090695,0.7127019608873874,-0.005121153647070997,0.0
2024-01-23 00:00:00+05:30,149477.96411331283,0.0,0.0,0.0,{},{},-0.005975182935090695,0.7127019608873874,-0.005121153647070997,0.0
2024-01-24 00:00:00+05:30,149477.96411331283,0.0,0.0,0.0,{},{},-0.005975182935090695,0.7127019608873874,-0.005121153647070997,0.0
2024-01-25 00:00:00+05:30,149477.96411331283,0.0,0.0,0.0,{},{},-0.005975182935090695,0.7127019608873874,-0.005121153647070997,0.0
2024-01-26 00:00:00+05:30,149477.96411331283,0.0,0.0,0.0,{},{},-0.005975182935090695,0.7127019608873874,-0.005121153647070997,0.0
2024-01-29 00:00:00+05:30,149477.96411331283,0.0,0.0,0.0,{},{},-0.005975182935090695,0.7127019608873874,-0.005121153647070997,0.0
2024-01-30 00:00:00+05:30,149477.96411331283,0.0,0.0,0.0,{},{},-0.005975182935090695,0.7127019608873874,-0.005121153647070997,0.0
2024-01-31 00:00:00+05:30,149477.96411331283,0.0,0.0,0.0,{},{},-0.005975182935090695,0.7127019608873874,-0.005121153647070997,0.0
2024-02-01 00:00:00+05:30,149477.96411331283,0.0,0.0,0.0,{},{},-0.005975182935090695,0.7127019608873874,-0.005121153647070997,0.0
2024-02-02 00:00:00+05:30,149477.96411331283,0.0,0.0,0.0,{},{},-0.005975182935090695,0.7127019608873874,-0.005121153647070997,0.0
2024-02-05 00:00:00+05:30,149477.96411331283,0.0,0.0,0.0,{},{},-0.005975182935090695,0.7127019608873874,-0.005121153647070997,0.0
2024-02-06 00:00:00+05:30,149477.96411331283,0.0,0.0,0.0,{},{},-0.005975182935090695,0.7127019608873874,-0.005121153647070997,0.0
2024-02-07 00:00:00+05:30,149477.96411331283,0.0,0.0,0.0,{},{},-0.005975182935090695,0.7127019608873874,-0.005121153647070997,0.0
2024-02-08 00:00:00+05:30,149477.96411331283,0.0,0.0,0.0,{},{},-0.005975182935090695,0.7127019608873874,-0.005121153647070997,0.0
2024-02-09 00:00:00+05:30,149477.96411331283,0.0,0.0,0.0,{},{},-0.005975182935090695,0.7127019608873874,-0.005121153647070997,0.0
2024-02-12 00:00:00+05:30,149477.96411331283,0.0,0.0,0.0,{},{},-0.005975182935090695,0.7127019608873874,-0.005121153647070997,0.0
2024-02-13 00:00:00+05:30,149477.96411331283,0.0,0.0,0.0,{},{},-0.005975182935090695,0.7127019608873874,-0.005121153647070997,0.0
2024-02-14 00:00:00+05:30,149477.96411331283,0.0,0.0,0.0,{},{},-0.005975182935090695,0.7127019608873874,-0.005121153647070997,0.0
2024-02-15 00:00:00+05:30,149477.96411331283,0.0,0.0,0.0,{},{},-0.005975182935090695,0.7127019608873874,-0.005121153647070997,0.0
2024-02-16 00:00:00+05:30,149477.96411331283,0.0,0.0,0.0,{},{},-0.005975182935090695,0.7127019608873874,-0.005121153647070997,0.0
2024-02-19 00:00:00+05:30,149477.96411331283,0.0,0.0,0.0,{},{},-0.005975182935090695,0.7127019608873874,-0.005121153647070997,0.0
2024-02-20 00:00:00+05:30,149477.96411331283,0.0,0.0,0.0,{},{},-0.005975182935090695,0.7127019608873874,-0.005121153647070997,0.0
2024-02-21 00:00:00+05:30,149477.96411331283,0.0,0.0,0.0,{},{},-0.005975182935090695,0.7127019608873874,-0.005121153647070997,0.0
2024-02-22 00:00:00+05:30,149477.96411331283,0.0,0.0,0.0,{},{},-0.005975182935090695,0.7127019608873874,-0.005121153647070997,0.0
2024-02-23 00:00:00+05:30,149477.96411331283,0.0,0.0,0.0,{},{},-0.005975182935090695,0.7127019608873874,-0.005121153647070997,0.0
2024-02-26 00:00:00+05:30,149477.96411331283,0.0,0.0,0.0,{},{},-0.005975182935090695,0.7127019608873874,-0.005121153647070997,0.0
2024-02-27 00:00:00+05:30,149763.86110682724,29087.968405044976,1.0,28767.94612586945,{'Technology': 29087.968405044976},{'volatility_breakout': 29087.968405044976},-0.004073974898418875,1.268052182860148,-0.00321831216290569,0.19422555074415712
2024-02-28 00:00:00+05:30,150081.9073392574,29406.014637475135,1.0,0.0,{'Technology': 29406.014637475135},{'volatility_breakout': 29406.014637475135},-0.0019589752067592503,1.832479455846616,-0.0011014953418848616,0.19593310851922596
2024-02-29 00:00:00+05:30,149785.77722134464,29109.88451956238,1.0,0.0,{'Technology': 29109.88451956238},{'volatility_breakout': 29109.88451956238},-0.003928233271195403,1.2050378896246103,-0.0030724453198767154,0.1943434487544535
2024-03-01 00:00:00+05:30,149416.76799724658,28740.87529546432,1.0,0.0,{'Technology': 28740.87529546432},{'volatility_breakout': 28740.87529546432},-0.00638213561496348,0.4871995334601733,-0.005528455965606138,0.19235374771320143
2024-03-04 00:00:00+05:30,149524.20777344322,28848.31507166095,1.0,0.0,{'Technology': 28848.31507166095},{'volatility_breakout': 28848.31507166095},-0.00566766372264893,0.6747135496191476,-0.0048133702255174216,0.19293407737275206
2024-03-05 00:00:00+05:30,149768.29916830268,29092.40646652041,1.0,0.0,{'Technology': 29092.40646652041},{'volatility_breakout': 29092.40646652041},-0.004044461897807605,1.0824100171927402,-0.003188773805817946,0.19424942813717683
2024-03-06 00:00:00+05:30,150051.7198373881,29375.827135605832,1.0,0.0,{'Technology': 29375.827135605832},{'volatility_breakout': 29375.827135605832},-0.002159721358215516,1.5311328358601777,-0.001302413966995486,0.19577134582289746
2024-03-07 00:00:00+05:30,149965.1303663493,0.0,0.0,29319.61941651654,{},{},-0.0027355392295630443,1.3812607826277608,-0.001878726559720545,0.0
2024-03-08 00:00:00+05:30,149965.1303663493,0.0,0.0,0.0,{},{},-0.0027355392295630443,1.3812607826277608,-0.001878726559720545,0.0
2024-03-11 00:00:00+05:30,149965.1303663493,0.0,0.0,0.0,{},{},-0.0027355392295630443,1.3812607826277608,-0.001878726559720545,0.0
2024-03-12 00:00:00+05:30,149965.1303663493,0.0,0.0,0.0,{},{},-0.0027355392295630443,1.3812607826277608,-0.001878726559720545,0.0
2024-03-13 00:00:00+05:30,149965.1303663493,0.0,0.0,0.0,{},{},-0.0027355392295630443,1.3812607826277608,-0.001878726559720545,0.0
2024-03-14 00:00:00+05:30,149965.1303663493,0.0,0.0,0.0,{},{},-0.0027355392295630443,1.3812607826277608,-0.001878726559720545,0.0
2024-03-15 00:00:00+05:30,149965.1303663493,0.0,0.0,0.0,{},{},-0.0027355392295630443,1.3812607826277608,-0.001878726559720545,0.0
2024-03-18 00:00:00+05:30,149965.1303663493,0.0,0.0,0.0,{},{},-0.0027355392295630443,1.3812607826277608,-0.001878726559720545,0.0
2024-03-19 00:00:00+05:30,149965.1303663493,0.0,0.0,0.0,{},{},-0.0027355392295630443,0.4782791907915053,-0.001878726559720545,0.0
2024-03-20 00:00:00+05:30,149965.1303663493,0.0,0.0,0.0,{},{},-0.0027355392295630443,-0.31868155467579634,-0.001878726559720545,0.0
2024-03-21 00:00:00+05:30,149965.1303663493,0.0,0.0,0.0,{},{},-0.0027355392295630443,-0.3572419060180223,-0.001878726559720545,0.0
2024-03-22 00:00:00+05:30,149965.1303663493,0.0,0.0,0.0,{},{},-0.0027355392295630443,-0.5720027189138326,-0.0007780882784499399,0.0
2024-03-25 00:00:00+05:30,149965.1303663493,0.0,0.0,0.0,{},{},-0.0027355392295630443,0.1539689752046995,-0.0007780882784499399,0.0
2024-03-26 00:00:00+05:30,149965.1303663493,0.0,0.0,0.0,{},{},-0.0027355392295630443,1.584292576935008,-0.0007780882784499399,0.0
2024-03-27 00:00:00+05:30,149965.1303663493,0.0,0.0,0.0,{},{},-0.0027355392295630443,1.244494709834473,-0.0007780882784499399,0.0
2024-03-28 00:00:00+05:30,149965.1303663493,0.0,0.0,0.0,{},{},-0.0027355392295630443,1.326339967903353,-0.0007780882784499399,0.0
2024-03-29 00:00:00+05:30,149965.1303663493,0.0,0.0,0.0,{},{},-0.0027355392295630443,1.326339967903353,-0.0007780882784499399,0.0
2024-04-01 00:00:00+05:30,149965.1303663493,0.0,0.0,0.0,{},{},-0.0027355392295630443,1.326339967903353,-0.0007780882784499399,0.0
2024-04-02 00:00:00+05:30,149965.1303663493,0.0,0.0,0.0,{},{},-0.0027355392295630443,1.326339967903353,-0.0007780882784499399,0.0
2024-04-03 00:00:00+05:30,149965.1303663493,0.0,0.0,0.0,{},{},-0.0027355392295630443,1.326339967903353,-0.0007780882784499399,0.0
2024-04-04 00:00:00+05:30,149965.1303663493,0.0,0.0,0.0,{},{},-0.0027355392295630443,1.326339967903353,-0.0007780882784499399,0.0
2024-04-05 00:00:00+05:30,149965.1303663493,0.0,0.0,0.0,{},{},-0.0027355392295630443,1.326339967903353,-0.0007780882784499399,0.0
2024-04-08 00:00:00+05:30,149965.1303663493,0.0,0.0,0.0,{},{},-0.0027355392295630443,1.326339967903353,-0.0007780882784499399,0.0
2024-04-09 00:00:00+05:30,149965.1303663493,0.0,0.0,0.0,{},{},-0.0027355392295630443,1.326339967903353,-0.0007780882784499399,0.0
2024-04-10 00:00:00+05:30,149965.1303663493,0.0,0.0,0.0,{},{},-0.0027355392295630443,1.326339967903353,-0.0007780882784499399,0.0
2024-04-11 00:00:00+05:30,149965.1303663493,0.0,0.0,0.0,{},{},-0.0027355392295630443,1.326339967903353,-0.0007780882784499399,0.0
2024-04-12 00:00:00+05:30,149965.1303663493,0.0,0.0,0.0,{},{},-0.0027355392295630443,1.326339967903353,-0.0007780882784499399,0.0
2024-04-15 00:00:00+05:30,149965.1303663493,0.0,0.0,0.0,{},{},-0.0027355392295630443,1.326339967903353,-0.0007780882784499399,0.0
2024-04-16 00:00:00+05:30,149965.1303663493,0.0,0.0,0.0,{},{},-0.0027355392295630443,1.326339967903353,-0.0007780882784499399,0.0
2024-04-17 00:00:00+05:30,149965.1303663493,0.0,0.0,0.0,{},{},-0.0027355392295630443,1.326339967903353,-0.0007780882784499399,0.0
2024-04-18 00:00:00+05:30,149965.1303663493,0.0,0.0,0.0,{},{},-0.0027355392295630443,1.326339967903353,-0.0007780882784499399,0.0
2024-04-19 00:00:00+05:30,149965.1303663493,0.0,0.0,0.0,{},{},-0.0027355392295630443,1.326339967903353,-0.0007780882784499399,0.0
2024-04-22 00:00:00+05:30,149965.1303663493,0.0,0.0,0.0,{},{},-0.0027355392295630443,1.326339967903353,-0.0007780882784499399,0.0
2024-04-23 00:00:00+05:30,149965.1303663493,0.0,0.0,0.0,{},{},-0.0027355392295630443,1.326339967903353,-0.0007780882784499399,0.0
2024-04-24 00:00:00+05:30,149965.1303663493,0.0,0.0,0.0,{},{},-0.0027355392295630443,1.326339967903353,-0.0007780882784499399,0.0
2024-04-25 00:00:00+05:30,149965.1303663493,0.0,0.0,0.0,{},{},-0.0027355392295630443,1.326339967903353,-0.0007780882784499399,0.0
2024-04-26 00:00:00+05:30,149965.1303663493,0.0,0.0,0.0,{},{},-0.0027355392295630443,1.326339967903353,-0.0007780882784499399,0.0
2024-04-29 00:00:00+05:30,149965.1303663493,0.0,0.0,0.0,{},{},-0.0027355392295630443,1.326339967903353,-0.0007780882784499399,0.0
2024-04-30 00:00:00+05:30,150294.8975671679,36635.53925380605,2.0,36262.75622871728,"{'Energy': 17150.21782011167, 'Finance': 19485.32143369438}",{'volatility_breakout': 36635.53925380605},-0.0005425953838786857,2.0427393928089166,0.0,0.24375770466481309
2024-05-01 00:00:00+05:30,150535.76913331985,36876.410819957986,2.0,0.0,"{'Energy': 17226.627773198896, 'Finance': 19649.78304675909}",{'volatility_breakout': 36876.410819957986},0.0,2.5472701876332473,0.0,0.24496776435439022
2024-05-02 00:00:00+05:30,150381.8752228025,36722.516909440674,2.0,0.0,"{'Energy': 17154.96392013437, 'Finance': 19567.5529893063}",{'volatility_breakout': 36722.516909440674},-0.0010223079298916637,2.136635450464843,-0.0010223079298916637,0.24419509901065797
2024-05-03 00:00:00+05:30,150346.2093125841,36686.85099922226,2.0,0.0,"{'Energy': 17092.541980656853, 'Finance': 19594.309018565407}",{'volatility_breakout': 36686.85099922226},-0.0012592344120410104,2.0496241193387608,-0.0012592344120410104,0.24401580303861736
2024-05-06 00:00:00+05:30,150107.01521740272,36447.656904040865,2.0,0.0,"{'Energy': 17051.32160003071, 'Finance': 19396.33530401015}",{'volatility_breakout': 36447.656904040865},-0.0028481863040631383,1.4291980696707869,-0.0028481863040631383,0.2428111494406378
2024-05-07 00:00:00+05:30,150428.9506636275,36769.59235026566,2.0,0.0,"{'Energy': 17084.787389776593, 'Finance': 19684.804960489066}",{'volatility_breakout': 36769.59235026566},-0.0007095886267252105,2.039583699421156,-0.0007095886267252105,0.24443162162638316
2024-05-08 00:00:00+05:30,150190.76172771657,36531.403414354725,2.0,0.0,"{'Energy': 16857.25280267041, 'Finance': 19674.150611684316}",{'volatility_breakout': 36531.403414354725},-0.0022918633065721616,1.4812376668444898,-0.0022918633065721616,0.2432333586574595
2024-05-09 00:00:00+05:30,150133.1367480936,0.0,0.0,36511.61271713115,{},{},-0.0026746625572402483,1.3590653034907167,-0.0026746625572402483,0.0
2024-05-10 00:00:00+05:30,150133.1367480936,0.0,0.0,0.0,{},{},-0.0026746625572402483,1.3590653034907167,-0.0026746625572402483,0.0
2024-05-13 00:00:00+05:30,150133.1367480936,0.0,0.0,0.0,{},{},-0.0026746625572402483,1.3590653034907167,-0.0026746625572402483,0.0
2024-05-14 00:00:00+05:30,150133.1367480936,0.0,0.0,0.0,{},{},-0.0026746625572402483,1.3590653034907167,-0.0026746625572402483,0.0
2024-05-15 00:00:00+05:30,150133.1367480936,0.0,0.0,0.0,{},{},-0.0026746625572402483,1.3590653034907167,-0.0026746625572402483,0.0
2024-05-16 00:00:00+05:30,150133.1367480936,0.0,0.0,0.0,{},{},-0.0026746625572402483,1.3590653034907167,-0.0026746625572402483,0.0
2024-05-17 00:00:00+05:30,150133.1367480936,0.0,0.0,0.0,{},{},-0.0026746625572402483,1.3590653034907167,-0.0026746625572402483,0.0
2024-05-20 00:00:00+05:30,150133.1367480936,0.0,0.0,0.0,{},{},-0.0026746625572402483,1.3590653034907167,-0.0026746625572402483,0.0
2024-05-21 00:00:00+05:30,150133.1367480936,0.0,0.0,0.0,{},{},-0.0026746625572402483,0.8001666999775026,-0.0026746625572402483,0.0
2024-05-22 00:00:00+05:30,150133.1367480936,0.0,0.0,0.0,{},{},-0.0026746625572402483,0.1226994206310788,-0.0026746625572402483,0.0
2024-05-23 00:00:00+05:30,150133.1367480936,0.0,0.0,0.0,{},{},-0.0026746625572402483,0.8462413949807405,-0.0026746625572402483,0.0
2024-05-24 00:00:00+05:30,150133.1367480936,0.0,0.0,0.0,{},{},-0.0026746625572402483,1.9490555766958415,-0.0026746625572402483,0.0
2024-05-27 00:00:00+05:30,150133.1367480936,0.0,0.0,0.0,{},{},-0.0026746625572402483,1.670592240218032,-0.0026746625572402483,0.0
2024-05-28 00:00:00+05:30,150133.1367480936,0.0,0.0,0.0,{},{},-0.0026746625572402483,1.056465615171883,-0.0026746625572402483,0.0
2024-05-29 00:00:00+05:30,150133.1367480936,0.0,0.0,0.0,{},{},-0.0026746625572402483,0.25986426947078406,-0.0026746625572402483,0.0
2024-05-30 00:00:00+05:30,150133.1367480936,0.0,0.0,0.0,{},{},-0.0026746625572402483,0.536706577377831,-0.0026746625572402483,0.0
2024-05-31 00:00:00+05:30,150133.1367480936,0.0,0.0,0.0,{},{},-0.0026746625572402483,0.536706577377831,-0.0026746625572402483,0.0
2024-06-03 00:00:00+05:30,150133.1367480936,0.0,0.0,0.0,{},{},-0.0026746625572402483,0.536706577377831,-0.0026746625572402483,0.0
2024-06-04 00:00:00+05:30,150133.1367480936,0.0,0.0,0.0,{},{},-0.0026746625572402483,0.536706577377831,-0.0026746625572402483,0.0
2024-06-05 00:00:00+05:30,150133.1367480936,0.0,0.0,0.0,{},{},-0.0026746625572402483,0.536706577377831,-0.0026746625572402483,0.0
2024-06-06 00:00:00+05:30,150133.1367480936,0.0,0.0,0.0,{},{},-0.0026746625572402483,0.536706577377831,-0.0026746625572402483,0.0
2024-06-07 00:00:00+05:30,150133.1367480936,0.0,0.0,0.0,{},{},-0.0026746625572402483,0.536706577377831,-0.0026746625572402483,0.0
2024-06-10 00:00:00+05:30,150133.1367480936,0.0,0.0,0.0,{},{},-0.0026746625572402483,0.536706577377831,-0.0026746625572402483,0.0
2024-06-11 00:00:00+05:30,150133.1367480936,0.0,0.0,0.0,{},{},-0.0026746625572402483,0.536706577377831,-0.0026746625572402483,0.0
2024-06-12 00:00:00+05:30,150133.1367480936,0.0,0.0,0.0,{},{},-0.0026746625572402483,0.536706577377831,-0.0026746625572402483,0.0
2024-06-13 00:00:00+05:30,150133.1367480936,0.0,0.0,0.0,{},{},-0.0026746625572402483,0.536706577377831,-0.0026746625572402483,0.0
2024-06-14 00:00:00+05:30,150133.1367480936,0.0,0.0,0.0,{},{},-0.0026746625572402483,0.536706577377831,-0.0026746625572402483,0.0
2024-06-17 00:00:00+05:30,150133.1367480936,0.0,0.0,0.0,{},{},-0.0026746625572402483,0.536706577377831,-0.0026746625572402483,0.0
2024-06-18 00:00:00+05:30,150133.1367480936,0.0,0.0,0.0,{},{},-0.0026746625572402483,0.536706577377831,-0.0026746625572402483,0.0
2024-06-19 00:00:00+05:30,150133.1367480936,0.0,0.0,0.0,{},{},-0.0026746625572402483,0.536706577377831,-0.0026746625572402483,0.0
2024-06-20 00:00:00+05:30,150133.1367480936,0.0,0.0,0.0,{},{},-0.0026746625572402483,0.536706577377831,-0.0026746625572402483,0.0
2024-06-21 00:00:00+05:30,150133.1367480936,0.0,0.0,0.0,{},{},-0.0026746625572402483,0.536706577377831,-0.0026746625572402483,0.0
2024-06-24 00:00:00+05:30,150133.1367480936,0.0,0.0,0.0,{},{},-0.0026746625572402483,0.536706577377831,-0.0026746625572402483,0.0
2024-06-25 00:00:00+05:30,150133.1367480936,0.0,0.0,0.0,{},{},-0.0026746625572402483,0.536706577377831,-0.0026746625572402483,0.0
2024-06-26 00:00:00+05:30,150133.1367480936,0.0,0.0,0.0,{},{},-0.0026746625572402483,0.536706577377831,-0.0026746625572402483,0.0
2024-06-27 00:00:00+05:30,150133.1367480936,0.0,0.0,0.0,{},{},-0.0026746625572402483,0.536706577377831,-0.0026746625572402483,0.0
2024-06-28 00:00:00+05:30,150133.1367480936,0.0,0.0,0.0,{},{},-0.0026746625572402483,0.536706577377831,-0.0026746625572402483,0.0
