timestamp,return
2022-01-31 00:00:00+05:30,0.0
2022-02-28 00:00:00+05:30,0.0
2022-03-31 00:00:00+05:30,0.0
2022-04-30 00:00:00+05:30,0.0
2022-05-31 00:00:00+05:30,0.0
2022-06-30 00:00:00+05:30,0.0
2022-07-31 00:00:00+05:30,0.0
2022-08-31 00:00:00+05:30,0.0
2022-09-30 00:00:00+05:30,0.0
2022-10-31 00:00:00+05:30,-0.0033381061029249537
2022-11-30 00:00:00+05:30,0.0
2022-12-31 00:00:00+05:30,0.0012731926303617414
2023-01-31 00:00:00+05:30,0.0
2023-02-28 00:00:00+05:30,-0.002350107033955773
2023-03-31 00:00:00+05:30,0.0
2023-04-30 00:00:00+05:30,0.0
2023-05-31 00:00:00+05:30,0.0
2023-06-30 00:00:00+05:30,-0.00024093487502896416
2023-07-31 00:00:00+05:30,0.0
2023-08-31 00:00:00+05:30,0.0
2023-09-30 00:00:00+05:30,0.0
2023-10-31 00:00:00+05:30,0.0
2023-11-30 00:00:00+05:30,0.0
2023-12-31 00:00:00+05:30,0.007868983731830648
2024-01-31 00:00:00+05:30,-0.005168611909801779
2024-02-29 00:00:00+05:30,0.0022689870328262973
2024-03-31 00:00:00+05:30,0.0013797560513448826
2024-04-30 00:00:00+05:30,0.0024029241858323225
2024-05-31 00:00:00+05:30,-0.0009685447647955758
2024-06-30 00:00:00+05:30,0.0
