symbol,strategy,side,entry_time,exit_time,entry_price,exit_price,quantity,gross_pnl,costs,net_pnl,r_multiple,reason,sector,regime,volatility_quartile,liquidity_quartile
DEMO04,volatility_breakout,LONG,2022-10-11 15:30:00+05:30,2022-10-20 15:30:00+05:30,600.9003320778295,586.5735861185369,32,-458.4558706973621,42.260044741395916,-500.71591543875803,-0.7052966993055723,maximum_holding,Consumer,BULL,3,2
DEMO08,volatility_breakout,LONG,2022-12-13 15:30:00+05:30,2022-12-22 15:30:00+05:30,1048.3341771853359,1053.1827980064857,21,101.82103724414537,49.032829769971336,52.78820747417403,0.07414559809562533,maximum_holding,Consumer,BULL,2,4
DEMO01,volatility_breakout,LONG,2022-12-13 15:30:00+05:30,2022-12-22 15:30:00+05:30,313.8621232686108,315.8236551356023,109,213.8069735020727,76.25379423542435,137.55317926664836,0.1959894322344886,maximum_holding,Technology,BULL,4,1
DEMO07,volatility_breakout,LONG,2023-02-14 15:30:00+05:30,2023-02-21 15:30:00+05:30,1019.6284133324223,1002.3328641227645,18,-311.31988577384027,40.46675595645855,-351.7866417302988,-0.49559018183648035,stop,Energy,BULL,3,4
DEMO06,volatility_breakout,LONG,2023-06-20 15:30:00+05:30,2023-06-29 15:30:00+05:30,863.1725735553199,863.2920222668481,20,2.388974230564145,38.3696677660744,-35.980693535510255,-0.05012522284202989,maximum_holding,Finance,FLAT,4,3
DEMO01,volatility_breakout,LONG,2023-12-26 15:30:00+05:30,2024-01-04 15:30:00+05:30,378.764009293162,383.79098390877834,95,477.5625884835509,80.46442161906657,397.0981668644843,0.5648769020243605,maximum_holding,Technology,FLAT,1,1
DEMO05,volatility_breakout,LONG,2024-02-27 15:30:00+05:30,2024-03-07 15:30:00+05:30,1026.708238948578,1047.8630625384326,29,613.4898841057859,66.808197761612,546.681686344174,0.7812615816408383,maximum_holding,Technology,FLAT,1,3
DEMO03,volatility_breakout,LONG,2024-04-30 15:30:00+05:30,2024-05-09 15:30:00+05:30,513.2192155175202,510.5643900984718,34,-90.26406424764536,38.687038476582615,-128.95110272422798,-0.17773663732240003,maximum_holding,Energy,BULL,3,1
DEMO06,volatility_breakout,LONG,2024-04-30 15:30:00+05:30,2024-05-09 15:30:00+05:30,877.3257308600224,894.9351871674891,22,387.40803876426617,43.29735743680555,344.1106813274606,0.4834069616841372,maximum_holding,Finance,BULL,1,3
